"repo_id","year","month","total_commits"
"37405","2010","5","236"
"37405","2010","6","8"
"37405","2010","10","129"
"37405","2010","12","11"
"37405","2011","1","1"
"37405","2011","2","23"
"37405","2011","3","72"
"37405","2011","4","28"
"37405","2011","5","92"
"37405","2011","6","74"
"37405","2011","7","52"
"37405","2011","8","23"
"37405","2011","9","285"
"37405","2011","10","256"
"37405","2011","11","125"
"37405","2011","12","384"
"37405","2012","1","41"
"37405","2012","2","998"
"37405","2012","3","63"
"37405","2012","4","450"
"37405","2012","5","56"
"37405","2012","7","218"
"37405","2012","8","127"
"37405","2012","9","348"
"37405","2012","10","601"
"37405","2012","11","631"
"37405","2012","12","577"
"37405","2013","1","651"
"37405","2013","2","86"
"37405","2013","3","102"
"37405","2013","4","735"
"37405","2013","5","1041"
"37405","2013","6","441"
"37405","2013","7","1046"
"37405","2013","8","1907"
"37405","2013","9","326"
"37405","2013","10","62"
"37405","2013","11","16"
"37405","2013","12","38"
"37405","2014","1","352"
"37405","2014","2","578"
"37405","2014","3","442"
"37405","2014","4","677"
"37405","2014","5","2071"
"37405","2014","6","675"
"37405","2014","7","376"
"37405","2014","8","531"
"37405","2014","9","1440"
"37405","2014","10","536"
"37405","2014","11","110"
"37405","2014","12","38"
"37405","2015","1","25"
"37405","2015","2","76"
"37405","2015","3","169"
"37405","2015","4","91"
"37405","2015","5","521"
"37405","2015","6","295"
"37405","2015","7","237"
"37405","2015","8","597"
"37405","2015","9","930"
"37405","2015","10","774"
"37405","2015","11","475"
"37405","2015","12","233"
"37405","2016","1","173"
"37405","2016","2","860"
"37405","2016","3","534"
"37405","2016","4","582"
"37405","2016","5","470"
"37405","2016","6","953"
"37405","2016","7","305"
"37405","2016","8","924"
"37405","2016","9","1479"
"37405","2016","10","150"
"37405","2016","11","634"
"37405","2016","12","189"
"37405","2017","1","721"
"37405","2017","2","210"
"37405","2017","3","201"
"37405","2017","4","224"
"37405","2017","5","136"
"37405","2017","6","333"
"37405","2017","7","469"
"37405","2017","8","311"
"37405","2017","9","285"
"37405","2017","10","259"
"37405","2017","11","284"
"37405","2017","12","45"
"37405","2018","1","634"
"37405","2018","2","79"
"37405","2018","3","158"
"37405","2018","4","81"
"37405","2018","5","16"
"37405","2018","6","44"
"37405","2018","7","322"
"37405","2018","8","67"
"37405","2018","9","18"
"37405","2018","10","1523"
"37405","2018","11","113"
"37405","2018","12","86"
"37405","2019","1","92"
"37405","2019","2","261"
"37405","2019","3","149"
"37405","2019","4","30"
"37405","2019","5","67"
"37405","2019","6","386"
"37405","2019","7","74"
"37405","2019","8","125"
"37405","2019","9","53"
"37405","2019","10","90"
"37405","2019","11","176"
"37405","2019","12","290"
"37405","2020","1","18"
"37405","2020","2","371"
"37405","2020","3","40"
"37405","2020","4","192"
"37405","2020","5","241"
"37405","2020","6","25"
"37405","2020","7","71"
"37405","2020","8","654"
"37405","2020","9","183"
"37405","2020","10","29"
"37405","2020","11","615"
"37405","2020","12","24"
"37405","2021","1","66"
"37405","2021","2","169"
"37405","2021","3","200"
"37405","2021","4","113"
"37405","2021","5","41"
"37405","2021","6","21"
"37405","2021","7","126"
"37405","2021","8","119"
"37405","2021","9","11"
"37405","2021","10","55"
"37405","2021","11","82"
"37405","2021","12","1121"
"37405","2022","1","917"
"37405","2022","2","722"
"37405","2022","3","231"
"37405","2022","4","136"
"37405","2022","5","231"
"37405","2022","6","190"
"37405","2022","7","80"
"37405","2022","8","89"
"37405","2022","9","2667"
"37405","2022","10","177"
"37405","2022","11","68"
"37405","2022","12","59"
"37405","2023","1","2385"
"37405","2023","2","2755"
"37405","2023","3","2316"
"37405","2023","4","5188"
"37405","2023","5","52"
"37405","2023","6","620"
"37405","2023","7","269"
"37405","2023","8","189"
"37405","2023","9","591"
"37405","2023","10","5519"
"37405","2023","11","2694"
"37405","2023","12","2542"
"37405","2024","1","500"
"37405","2024","2","367"
"37405","2024","3","595"
"37405","2024","4","2"
"150821","2001","1","201"
"150821","2001","2","340"
"150821","2001","3","257"
"150821","2001","4","347"
"150821","2001","5","268"
"150821","2001","6","401"
"150821","2001","7","285"
"150821","2001","8","227"
"150821","2001","9","97"
"150821","2001","10","484"
"150821","2001","11","226"
"150821","2001","12","176"
"150821","2002","1","478"
"150821","2002","2","490"
"150821","2002","3","464"
"150821","2002","4","430"
"150821","2002","5","248"
"150821","2002","6","272"
"150821","2002","7","110"
"150821","2002","8","153"
"150821","2002","9","376"
"150821","2002","10","316"
"150821","2002","11","286"
"150821","2002","12","389"
"150821","2003","1","717"
"150821","2003","2","1187"
"150821","2003","3","389"
"150821","2003","4","460"
"150821","2003","5","189"
"150821","2003","6","127"
"150821","2003","7","189"
"150821","2003","8","559"
"150821","2003","9","691"
"150821","2003","10","625"
"150821","2003","11","984"
"150821","2003","12","854"
"150821","2004","1","371"
"150821","2004","2","478"
"150821","2004","3","249"
"150821","2004","4","198"
"150821","2004","5","259"
"150821","2004","6","496"
"150821","2004","7","120"
"150821","2004","8","674"
"150821","2004","9","193"
"150821","2004","10","216"
"150821","2004","11","366"
"150821","2004","12","170"
"150821","2005","1","518"
"150821","2005","2","189"
"150821","2005","3","170"
"150821","2005","4","238"
"150821","2005","5","126"
"150821","2005","6","343"
"150821","2005","7","612"
"150821","2005","8","350"
"150821","2005","9","342"
"150821","2005","10","111"
"150821","2005","11","59"
"150821","2005","12","66"
"150821","2006","1","130"
"150821","2006","2","189"
"150821","2006","3","69"
"150821","2006","4","73"
"150821","2006","5","56"
"150821","2006","6","167"
"150821","2006","7","18"
"150821","2006","8","64"
"150821","2006","9","16"
"150821","2006","10","174"
"150821","2006","11","27"
"150821","2006","12","8"
"150821","2007","1","50"
"150821","2007","2","45"
"150821","2007","3","26"
"150821","2007","4","55"
"150821","2007","5","28"
"150821","2007","6","73"
"150821","2007","7","10"
"150821","2007","8","102"
"150821","2007","9","1"
"150821","2007","10","8"
"150821","2007","11","10"
"150821","2007","12","2"
"150821","2008","1","45"
"150821","2008","2","56"
"150821","2008","3","124"
"150821","2008","4","139"
"150821","2008","5","43"
"150821","2008","6","18"
"150821","2008","7","53"
"150821","2008","8","220"
"150821","2008","9","38"
"150821","2008","10","32"
"150821","2008","11","34"
"150821","2008","12","4"
"150821","2009","1","79"
"150821","2009","2","7"
"150821","2009","3","56"
"150821","2009","4","13"
"150821","2009","5","8"
"150821","2009","6","16"
"150821","2009","7","132"
"150821","2009","8","371"
"150821","2009","9","110"
"150821","2009","10","19"
"150821","2010","1","10"
"150821","2010","2","3"
"150821","2010","3","58"
"150821","2010","4","1"
"150821","2010","5","1"
"150821","2010","6","1"
"150821","2010","7","5"
"150821","2010","8","1"
"150821","2010","9","126"
"150821","2010","10","10"
"150821","2010","11","104"
"150821","2011","2","5"
"150821","2011","3","69"
"150821","2011","5","19"
"150821","2011","6","1"
"150821","2011","8","6"
"150821","2011","9","20"
"150821","2011","10","4"
"150821","2011","11","5"
"150821","2011","12","2"
"150821","2012","1","18"
"150821","2012","2","6"
"150821","2012","3","9"
"150821","2012","4","7"
"150821","2012","5","201"
"150821","2012","6","1"
"150821","2012","7","81"
"150821","2012","8","217"
"150821","2012","9","263"
"150821","2012","10","65"
"150821","2012","11","2"
"150821","2012","12","4"
"150821","2013","1","3"
"150821","2013","2","24"
"150821","2013","3","85"
"150821","2013","4","63"
"150821","2013","5","40"
"150821","2013","6","6"
"150821","2013","7","9"
"150821","2013","8","10"
"150821","2013","9","5"
"150821","2013","10","12"
"150821","2013","11","16"
"150821","2013","12","30"
"150821","2014","1","1"
"150821","2014","2","10"
"150821","2014","3","81"
"150821","2014","4","2"
"150821","2014","5","12"
"150821","2014","6","13"
"150821","2014","7","19"
"150821","2014","8","5"
"150821","2014","9","1"
"150821","2014","10","74"
"150821","2014","12","4"
"150821","2015","2","4"
"150821","2015","3","22"
"150821","2015","4","125"
"150821","2015","6","4"
"150821","2015","7","2"
"150821","2015","9","18"
"150821","2015","10","5"
"150821","2015","11","32"
"150821","2015","12","1"
"150821","2016","1","37"
"150821","2016","2","12"
"150821","2016","3","34"
"150821","2016","4","55"
"150821","2016","5","99"
"150821","2016","6","12"
"150821","2016","8","7"
"150821","2017","4","10"
"150821","2017","5","37"
"150821","2017","6","315"
"150821","2017","7","13"
"150821","2017","8","40"
"150821","2017","9","66"
"150821","2017","10","83"
"150821","2017","11","100"
"150821","2017","12","1"
"150821","2018","1","20"
"150821","2018","3","39"
"150821","2018","4","5"
"150821","2018","6","2"
"150821","2018","7","2"
"150821","2018","8","5"
"150821","2018","9","11"
"150821","2018","10","30"
"150821","2018","11","12"
"150821","2019","1","23"
"150821","2019","2","11"
"150821","2019","3","14"
"150821","2019","4","12"
"150821","2019","5","18"
"150821","2019","6","3"
"150821","2019","7","19"
"150821","2019","8","28"
"150821","2019","9","408"
"150821","2019","10","31"
"150821","2019","11","10"
"150821","2019","12","4"
"150821","2020","1","16"
"150821","2020","2","37"
"150821","2020","3","98"
"150821","2020","4","8"
"150821","2020","5","7"
"150821","2020","6","203"
"150821","2020","7","604"
"150821","2020","8","87"
"150821","2020","9","9"
"150821","2020","10","10"
"150821","2020","11","14"
"150821","2020","12","37"
"150821","2021","1","3"
"150821","2021","2","44"
"150821","2021","3","16"
"150821","2021","4","4"
"150821","2021","5","110"
"150821","2021","6","4"
"150821","2021","7","94"
"150821","2021","8","5"
"150821","2021","10","2"
"150821","2021","11","2"
"150821","2021","12","6"
"150821","2022","1","46"
"150821","2022","2","474"
"150821","2022","3","442"
"150821","2022","4","393"
"150821","2022","5","31"
"150821","2022","6","4"
"150821","2022","7","14"
"150821","2022","8","345"
"150821","2022","9","230"
"150821","2022","10","96"
"150821","2022","11","177"
"150821","2022","12","297"
"150821","2023","1","59"
"150821","2023","2","78"
"150821","2023","3","258"
"150821","2023","4","251"
"150821","2023","5","38"
"150821","2023","6","12"
"150821","2023","7","2"
"150821","2023","8","182"
"150821","2023","9","360"
"150821","2023","10","101"
"150821","2023","11","134"
"150821","2023","12","432"
"150821","2024","1","140"
"150821","2024","2","87"
"150821","2024","3","160"
"150821","2024","4","6"
"150822","2023","8","69"
"150828","2003","4","17"
"150828","2003","7","60"
"150828","2003","8","35"
"150828","2003","9","1"
"150828","2003","10","577"
"150828","2003","11","336"
"150828","2003","12","363"
"150828","2004","1","239"
"150828","2004","2","322"
"150828","2004","3","354"
"150828","2004","4","145"
"150828","2004","5","49"
"150828","2004","6","40"
"150828","2004","7","13"
"150828","2004","8","25"
"150828","2004","9","48"
"150828","2004","10","726"
"150828","2004","11","232"
"150828","2004","12","192"
"150828","2005","1","81"
"150828","2005","2","285"
"150828","2005","3","421"
"150828","2005","4","93"
"150828","2005","5","126"
"150828","2005","6","176"
"150828","2005","7","160"
"150828","2005","8","321"
"150828","2005","9","192"
"150828","2005","10","80"
"150828","2005","11","840"
"150828","2005","12","59"
"150828","2006","1","201"
"150828","2006","2","58"
"150828","2006","3","242"
"150828","2006","4","89"
"150828","2006","5","58"
"150828","2006","6","19"
"150828","2006","7","91"
"150828","2006","8","185"
"150828","2006","9","101"
"150828","2006","10","21"
"150828","2006","11","20"
"150828","2006","12","15"
"150828","2007","1","29"
"150828","2007","2","46"
"150828","2007","3","127"
"150828","2007","4","55"
"150828","2007","5","117"
"150828","2007","6","56"
"150828","2007","7","71"
"150828","2007","8","102"
"150828","2007","9","28"
"150828","2007","10","14"
"150828","2007","11","69"
"150828","2007","12","20"
"150828","2008","1","3"
"150828","2008","2","2"
"150828","2008","3","146"
"150828","2008","4","135"
"150828","2008","5","51"
"150828","2008","6","22"
"150828","2008","7","221"
"150828","2008","8","143"
"150828","2008","9","11088"
"150828","2008","10","462"
"150828","2008","11","143"
"150828","2008","12","83"
"150828","2009","1","101"
"150828","2009","2","67"
"150828","2009","3","75"
"150828","2009","4","77"
"150828","2009","5","165"
"150828","2009","6","402"
"150828","2009","7","102"
"150828","2009","8","150"
"150828","2009","9","99"
"150828","2009","10","36"
"150828","2009","11","95"
"150828","2009","12","80"
"150828","2010","1","553"
"150828","2010","2","257"
"150828","2010","3","90"
"150828","2010","4","779"
"150828","2010","5","818"
"150828","2010","6","625"
"150828","2010","7","972"
"150828","2010","8","908"
"150828","2010","9","454"
"150828","2010","10","647"
"150828","2010","11","415"
"150828","2010","12","118"
"150828","2011","1","180"
"150828","2011","2","323"
"150828","2011","3","658"
"150828","2011","4","617"
"150828","2011","5","302"
"150828","2011","6","413"
"150828","2011","7","451"
"150828","2011","8","346"
"150828","2011","9","196"
"150828","2011","10","250"
"150828","2011","11","107"
"150828","2011","12","490"
"150828","2012","1","10592"
"150828","2012","2","247"
"150828","2012","3","433"
"150828","2012","4","1990"
"150828","2012","5","731"
"150828","2012","6","553"
"150828","2012","7","921"
"150828","2012","8","493"
"150828","2012","9","569"
"150828","2012","10","681"
"150828","2012","11","523"
"150828","2012","12","203"
"150828","2013","1","747"
"150828","2013","2","689"
"150828","2013","3","1118"
"150828","2013","4","1005"
"150828","2013","5","490"
"150828","2013","6","596"
"150828","2013","7","889"
"150828","2013","8","304"
"150828","2013","9","480"
"150828","2013","10","883"
"150828","2013","11","1547"
"150828","2013","12","1545"
"150828","2014","1","935"
"150828","2014","2","1367"
"150828","2014","3","1116"
"150828","2014","4","501"
"150828","2014","5","758"
"150828","2014","6","1040"
"150828","2014","7","1638"
"150828","2014","8","1497"
"150828","2014","9","475"
"150828","2014","10","879"
"150828","2014","11","1903"
"150828","2014","12","1210"
"150828","2015","1","1239"
"150828","2015","2","1543"
"150828","2015","3","788"
"150828","2015","4","1112"
"150828","2015","5","906"
"150828","2015","6","1425"
"150828","2015","7","1023"
"150828","2015","8","873"
"150828","2015","9","1452"
"150828","2015","10","3105"
"150828","2015","11","1986"
"150828","2015","12","786"
"150828","2016","1","1033"
"150828","2016","2","2248"
"150828","2016","3","381"
"150828","2016","4","846"
"150828","2016","5","655"
"150828","2016","6","659"
"150828","2016","7","523"
"150828","2016","8","619"
"150828","2016","9","279"
"150828","2016","10","837"
"150828","2016","11","826"
"150828","2016","12","596"
"150828","2017","1","240"
"150828","2017","2","910"
"150828","2017","3","183"
"150828","2017","4","679"
"150828","2017","5","448"
"150828","2017","6","341"
"150828","2017","7","712"
"150828","2017","8","418"
"150828","2017","9","908"
"150828","2017","10","894"
"150828","2017","11","2870"
"150828","2017","12","1266"
"150828","2018","1","849"
"150828","2018","2","891"
"150828","2018","3","1052"
"150828","2018","4","2567"
"150828","2018","5","1062"
"150828","2018","6","5276"
"150828","2018","7","787"
"150828","2018","8","872"
"150828","2018","9","864"
"150828","2018","10","1656"
"150828","2018","11","2684"
"150828","2018","12","1275"
"150828","2019","1","749"
"150828","2019","2","662"
"150828","2019","3","2299"
"150828","2019","4","1364"
"150828","2019","5","1016"
"150828","2019","6","786"
"150828","2019","7","1424"
"150828","2019","8","516"
"150828","2019","9","404"
"150828","2019","10","861"
"150828","2019","11","1293"
"150828","2019","12","1087"
"150828","2020","1","766"
"150828","2020","2","662"
"150828","2020","3","1032"
"150828","2020","4","1540"
"150828","2020","5","1064"
"150828","2020","6","1209"
"150828","2020","7","1287"
"150828","2020","8","853"
"150828","2020","9","1540"
"150828","2020","10","1493"
"150828","2020","11","3548"
"150828","2020","12","893"
"150828","2021","1","1760"
"150828","2021","2","1861"
"150828","2021","3","1268"
"150828","2021","4","1514"
"150828","2021","5","1570"
"150828","2021","6","1417"
"150828","2021","7","1037"
"150828","2021","8","917"
"150828","2021","9","1308"
"150828","2021","10","2237"
"150828","2021","11","1859"
"150828","2021","12","1119"
"150828","2022","1","1161"
"150828","2022","2","1553"
"150828","2022","3","1554"
"150828","2022","4","1017"
"150828","2022","5","1258"
"150828","2022","6","1083"
"150828","2022","7","986"
"150828","2022","8","1462"
"150828","2022","9","1305"
"150828","2022","10","1065"
"150828","2022","11","1504"
"150828","2022","12","1322"
"150828","2023","1","1287"
"150828","2023","2","1084"
"150828","2023","3","1684"
"150828","2023","4","1226"
"150828","2023","5","1691"
"150828","2023","6","1627"
"150828","2023","7","1638"
"150828","2023","8","1610"
"150828","2023","9","1944"
"150828","2023","10","1647"
"150828","2023","11","1925"
"150828","2023","12","2113"
"150828","2024","1","2286"
"150828","2024","2","1622"
"150828","2024","3","1451"
"150828","2024","4","37"
"150829","2011","1","1723"
"150829","2011","2","71"
"150829","2011","3","53"
"150829","2011","4","18"
"150829","2011","5","46"
"150829","2011","6","53"
"150829","2011","7","16"
"150829","2011","8","8"
"150829","2011","9","68"
"150829","2011","10","9"
"150829","2011","11","39"
"150829","2011","12","5"
"150829","2012","1","9"
"150829","2012","2","11"
"150829","2012","3","91"
"150829","2012","4","51"
"150829","2012","5","102"
"150829","2012","6","65"
"150829","2012","7","19"
"150829","2012","8","38"
"150829","2012","9","16"
"150829","2012","10","14"
"150829","2012","11","20"
"150829","2012","12","79"
"150829","2013","1","17"
"150829","2013","2","15"
"150829","2013","3","27"
"150829","2013","4","31"
"150829","2013","5","22"
"150829","2013","6","61"
"150829","2013","7","5465"
"150829","2013","8","112"
"150829","2013","9","57"
"150829","2013","10","57"
"150829","2013","11","205"
"150829","2013","12","416"
"150829","2014","1","11"
"150829","2014","2","33"
"150829","2014","3","5"
"150829","2014","4","3"
"150829","2014","5","365"
"150829","2014","6","1587"
"150829","2014","7","150"
"150829","2014","8","208"
"150829","2014","9","191"
"150829","2014","10","15"
"150829","2014","11","42"
"150829","2014","12","146"
"150829","2015","1","65"
"150829","2015","2","227"
"150829","2015","3","17"
"150829","2015","4","169"
"150829","2015","5","99"
"150829","2015","6","46"
"150829","2015","7","72"
"150829","2015","8","119"
"150829","2015","9","87"
"150829","2015","10","88"
"150829","2015","11","11371"
"150829","2015","12","18"
"150829","2016","1","213"
"150829","2016","2","60"
"150829","2016","3","305"
"150829","2016","4","242"
"150829","2016","5","107"
"150829","2016","6","35"
"150829","2016","7","70"
"150829","2016","8","73"
"150829","2016","9","14"
"150829","2016","10","568"
"150829","2016","11","29"
"150829","2016","12","41"
"150829","2017","1","12333"
"150829","2017","2","137"
"150829","2017","3","96"
"150829","2017","4","57"
"150829","2017","5","30"
"150829","2017","6","153"
"150829","2017","7","149"
"150829","2017","8","135"
"150829","2017","9","53"
"150829","2017","10","86"
"150829","2017","11","2252"
"150829","2017","12","116"
"150829","2018","1","88"
"150829","2018","2","124"
"150829","2018","3","42"
"150829","2018","4","139"
"150829","2018","5","100"
"150829","2018","6","248"
"150829","2018","7","42"
"150829","2018","8","198"
"150829","2018","9","136"
"150829","2018","10","99"
"150829","2018","11","76"
"150829","2018","12","93"
"150829","2019","1","265"
"150829","2019","2","295"
"150829","2019","3","144"
"150829","2019","4","158"
"150829","2019","5","129"
"150829","2019","6","134"
"150829","2019","7","41"
"150829","2019","8","115"
"150829","2019","9","87"
"150829","2019","10","52"
"150829","2019","11","76"
"150829","2019","12","76"
"150829","2020","1","868"
"150829","2020","2","172"
"150829","2020","3","182"
"150829","2020","4","211"
"150829","2020","5","88"
"150829","2020","6","191"
"150829","2020","7","144"
"150829","2020","8","257"
"150829","2020","9","335"
"150829","2020","10","586"
"150829","2020","11","162"
"150829","2020","12","114"
"150829","2021","1","106"
"150829","2021","2","62"
"150829","2021","3","86"
"150829","2021","4","135"
"150829","2021","5","263"
"150829","2021","6","83"
"150829","2021","7","161"
"150829","2021","8","176"
"150829","2021","9","194"
"150829","2021","10","70"
"150829","2021","11","118"
"150829","2021","12","105"
"150829","2022","1","123"
"150829","2022","2","83"
"150829","2022","3","56"
"150829","2022","4","8979"
"150829","2022","5","1281"
"150829","2022","6","69"
"150829","2022","7","92"
"150829","2022","8","109"
"150829","2022","9","73"
"150829","2022","10","57"
"150829","2022","11","568"
"150829","2022","12","2120"
"150829","2023","1","50"
"150829","2023","2","139"
"150829","2023","3","198"
"150829","2023","4","110"
"150829","2023","5","368"
"150829","2023","6","441"
"150829","2023","7","261"
"150829","2023","8","126"
"150829","2023","9","87"
"150829","2023","10","207"
"150829","2023","11","490"
"150829","2023","12","590"
"150829","2024","1","241"
"150829","2024","2","279"
"150829","2024","3","98"
"150829","2024","4","4"
"150832","2015","11","39"
"150832","2016","1","2"
"150832","2016","3","136"
"150832","2016","4","36"
"150832","2016","5","92"
"150832","2016","6","141"
"150832","2016","7","108"
"150832","2016","8","4"
"150832","2016","9","211"
"150832","2016","10","165"
"150832","2016","11","16"
"150832","2017","1","17"
"150832","2017","2","40"
"150832","2017","3","15"
"150832","2017","4","28"
"150832","2017","5","4"
"150832","2017","6","22"
"150832","2017","7","6"
"150832","2017","8","6"
"150832","2017","10","48"
"150832","2017","11","226"
"150832","2017","12","111"
"150832","2018","1","31"
"150832","2018","2","27"
"150832","2018","3","25"
"150832","2018","4","36"
"150832","2018","5","28"
"150832","2018","6","2"
"150832","2018","8","156"
"150832","2018","11","48"
"150832","2018","12","26"
"150832","2019","1","57"
"150832","2019","2","9"
"150832","2019","3","49"
"150832","2019","4","17"
"150832","2019","5","21"
"150832","2019","6","178"
"150832","2019","7","48"
"150832","2019","8","5"
"150832","2019","9","189"
"150832","2019","11","55"
"150832","2019","12","37"
"150832","2020","2","1"
"150832","2020","3","423"
"150832","2020","4","79"
"150832","2020","5","3"
"150832","2020","6","23"
"150832","2020","7","3"
"150832","2020","8","142"
"150832","2020","9","25"
"150832","2020","10","1"
"150832","2020","11","11"
"150832","2021","1","155"
"150832","2021","3","54"
"150832","2021","4","4"
"150832","2021","5","6"
"150832","2021","7","20"
"150832","2021","8","3"
"150832","2021","9","5"
"150832","2021","10","17"
"150832","2021","11","89"
"150832","2022","2","1"
"150832","2022","3","1"
"150832","2022","4","19"
"150832","2022","5","48"
"150832","2022","6","5"
"150832","2022","8","6"
"150832","2022","9","7"
"150832","2022","10","21"
"150832","2022","11","42"
"150832","2022","12","3"
"150832","2023","1","127"
"150832","2023","2","41"
"150832","2023","3","41"
"150832","2023","4","34"
"150832","2023","5","43"
"150832","2023","6","3"
"150832","2023","8","4"
"150832","2023","9","30"
"150832","2023","10","99"
"150832","2023","11","10"
"150832","2023","12","13"
"150832","2024","1","47"
"150832","2024","2","63"
"150832","2024","3","90"
"150832","2024","4","12"
"150853","2001","3","5"
"150853","2001","4","100"
"150853","2001","5","19"
"150853","2001","6","3"
"150853","2001","7","40"
"150853","2001","8","66"
"150853","2001","9","121"
"150853","2001","10","121"
"150853","2001","11","83"
"150853","2001","12","110"
"150853","2002","1","130"
"150853","2002","2","29"
"150853","2002","3","24"
"150853","2002","4","147"
"150853","2002","5","119"
"150853","2002","6","98"
"150853","2002","7","130"
"150853","2002","8","102"
"150853","2002","9","56"
"150853","2002","10","82"
"150853","2002","11","41"
"150853","2002","12","43"
"150853","2003","1","370"
"150853","2003","2","65"
"150853","2003","3","93"
"150853","2003","4","38"
"150853","2003","5","47"
"150853","2003","6","55"
"150853","2003","7","65"
"150853","2003","8","74"
"150853","2003","9","294"
"150853","2003","10","4"
"150853","2003","12","11"
"150853","2004","1","10"
"150853","2004","2","1"
"150853","2004","3","1"
"150853","2004","4","2"
"150853","2004","5","5"
"150853","2004","7","2"
"150853","2004","9","10"
"150853","2004","11","3"
"150853","2004","12","61"
"150853","2005","1","2"
"150853","2005","2","7"
"150853","2005","3","11"
"150853","2005","4","4"
"150853","2005","5","1"
"150853","2005","7","4"
"150853","2005","8","14"
"150853","2005","9","6"
"150853","2005","10","17"
"150853","2005","11","20"
"150853","2005","12","5"
"150853","2006","2","3"
"150853","2006","3","10"
"150853","2006","4","5"
"150853","2006","6","1"
"150853","2006","7","1"
"150853","2006","8","8"
"150853","2006","9","2"
"150853","2006","10","20"
"150853","2006","11","6"
"150853","2006","12","1"
"150853","2007","1","1"
"150853","2007","2","28"
"150853","2007","3","12"
"150853","2007","4","2"
"150853","2007","5","7"
"150853","2007","6","1"
"150853","2007","7","6"
"150853","2007","8","1"
"150853","2007","11","2"
"150853","2007","12","2"
"150853","2008","1","2"
"150853","2008","3","7"
"150853","2008","4","7"
"150853","2008","6","7"
"150853","2008","9","2"
"150853","2008","11","22"
"150853","2008","12","1"
"150853","2009","2","1"
"150853","2009","3","5"
"150853","2009","4","2"
"150853","2009","5","3"
"150853","2009","6","2"
"150853","2009","7","4"
"150853","2009","10","2"
"150853","2009","11","3"
"150853","2009","12","17"
"150853","2010","2","3"
"150853","2010","3","1"
"150853","2010","4","1"
"150853","2010","5","2"
"150853","2010","6","6"
"150853","2010","8","15"
"150853","2011","1","2"
"150853","2011","2","1"
"150853","2011","3","2"
"150853","2011","4","1"
"150853","2011","6","19"
"150853","2011","7","15"
"150853","2011","8","22"
"150853","2011","9","185"
"150853","2011","10","29"
"150853","2011","12","6"
"150853","2012","1","2"
"150853","2012","2","20"
"150853","2012","3","2"
"150853","2012","8","2"
"150853","2012","9","2"
"150853","2012","12","8"
"150853","2013","1","27"
"150853","2013","2","4"
"150853","2013","3","1"
"150853","2013","7","1"
"150853","2013","10","27"
"150853","2014","2","1"
"150853","2014","3","11"
"150853","2014","5","3"
"150853","2014","6","4"
"150853","2015","2","1"
"150853","2015","3","58"
"150853","2015","4","16"
"150853","2015","8","3"
"150853","2015","11","3"
"150853","2015","12","9"
"150853","2016","2","1"
"150853","2016","4","1"
"150853","2016","8","1"
"150853","2016","9","1"
"150853","2016","11","1"
"150853","2017","7","1"
"150853","2017","10","1"
"150853","2018","2","28"
"150853","2018","3","6"
"150853","2018","7","75"
"150853","2018","8","12"
"150853","2018","10","733"
"150853","2018","11","1074"
"150853","2018","12","41"
"150853","2019","1","260"
"150853","2019","2","40"
"150853","2019","5","3"
"150853","2019","8","3"
"150853","2019","12","1"
"150853","2021","1","3"
"150853","2021","4","5"
"150853","2021","5","1"
"150853","2021","6","1"
"150853","2022","1","1"
"150853","2022","12","1"
"150853","2023","1","2"
"150853","2023","5","3"
"150853","2023","8","4"
"150853","2023","9","7"
"150853","2023","11","4"
"150853","2024","3","1"
"150977","2013","8","504"
"150977","2013","9","352"
"150977","2013","10","1398"
"150977","2013","11","538"
"150977","2013","12","542"
"150977","2014","1","644"
"150977","2014","2","648"
"150977","2014","3","1365"
"150977","2014","4","466"
"150977","2014","5","417"
"150977","2014","6","503"
"150977","2014","7","169"
"150977","2014","8","42"
"150977","2014","9","250"
"150977","2014","10","301"
"150977","2014","11","1957"
"150977","2014","12","304"
"150977","2015","1","125"
"150977","2015","2","320"
"150977","2015","3","369"
"150977","2015","4","205"
"150977","2015","5","463"
"150977","2015","6","295"
"150977","2015","7","253"
"150977","2015","8","425"
"150977","2015","9","163"
"150977","2015","10","254"
"150977","2015","11","73"
"150977","2015","12","377"
"150977","2016","1","188"
"150977","2016","2","77"
"150977","2016","3","297"
"150977","2016","4","34"
"150977","2016","5","26"
"150977","2016","6","162"
"150977","2016","7","70"
"150977","2016","8","75"
"150977","2016","9","59"
"150977","2016","10","7"
"150977","2016","11","172"
"150977","2016","12","74"
"150977","2017","1","11"
"150977","2017","2","66"
"150977","2017","3","124"
"150977","2017","4","25"
"150977","2017","5","222"
"150977","2017","6","231"
"150977","2017","7","114"
"150977","2017","8","48"
"150977","2017","9","124"
"150977","2017","10","97"
"150977","2017","11","18"
"150977","2017","12","21"
"150977","2018","1","31"
"150977","2018","2","13"
"150977","2018","3","52"
"150977","2018","4","37"
"150977","2018","5","110"
"150977","2018","6","25"
"150977","2018","7","92"
"150977","2018","8","107"
"150977","2018","9","58"
"150977","2018","10","113"
"150977","2018","11","89"
"150977","2018","12","111"
"150977","2019","1","177"
"150977","2019","2","143"
"150977","2019","3","36"
"150977","2019","4","29"
"150977","2019","5","65"
"150977","2019","6","20"
"150977","2019","7","52"
"150977","2019","8","3"
"150977","2019","9","35"
"150977","2019","10","35"
"150977","2019","11","50"
"150977","2019","12","12"
"150977","2020","1","11"
"150977","2020","2","1"
"150977","2020","3","37"
"150977","2020","4","106"
"150977","2020","5","43"
"150977","2020","6","45"
"150977","2020","7","368"
"150977","2020","8","176"
"150977","2020","9","32"
"150977","2020","10","119"
"150977","2020","11","88"
"150977","2020","12","460"
"150977","2021","1","170"
"150977","2021","2","210"
"150977","2021","3","150"
"150977","2021","4","128"
"150977","2021","5","95"
"150977","2021","6","117"
"150977","2021","7","44"
"150977","2021","8","80"
"150977","2021","9","147"
"150977","2021","10","313"
"150977","2021","11","328"
"150977","2021","12","183"
"150977","2022","1","159"
"150977","2022","2","82"
"150977","2022","3","98"
"150977","2022","4","213"
"150977","2022","5","156"
"150977","2022","6","64"
"150977","2022","7","94"
"150977","2022","8","116"
"150977","2022","9","163"
"150977","2022","10","131"
"150977","2022","11","107"
"150977","2022","12","248"
"150977","2023","1","324"
"150977","2023","2","253"
"150977","2023","3","558"
"150977","2023","4","443"
"150977","2023","5","268"
"150977","2023","6","223"
"150977","2023","7","212"
"150977","2023","8","305"
"150977","2023","9","226"
"150977","2023","10","183"
"150977","2023","11","242"
"150977","2023","12","257"
"150977","2024","1","434"
"150977","2024","2","314"
"150977","2024","3","205"
"150977","2024","4","23"
"150978","2020","5","95"
"150978","2020","7","8"
"150978","2020","8","278"
"150978","2020","9","148"
"150978","2020","10","556"
"150978","2020","11","316"
"150978","2020","12","314"
"150978","2021","1","180"
"150978","2021","2","153"
"150978","2021","3","102"
"150978","2021","4","169"
"150978","2021","5","104"
"150978","2021","6","288"
"150978","2021","7","173"
"150978","2021","8","4"
"150978","2021","9","7"
"150978","2021","10","329"
"150978","2021","11","352"
"150978","2021","12","909"
"150978","2022","1","369"
"150978","2022","2","955"
"150978","2022","3","15"
"150978","2022","4","7"
"150978","2022","5","1"
"150978","2022","6","12"
"150978","2022","7","15"
"150978","2022","8","13"
"150978","2022","9","45"
"150978","2022","10","311"
"150978","2022","11","366"
"150978","2022","12","508"
"150978","2023","1","543"
"150978","2023","2","470"
"150978","2023","3","261"
"150978","2023","4","268"
"150978","2023","5","140"
"150978","2023","6","45"
"150978","2023","7","31"
"150978","2023","8","143"
"150978","2023","9","34"
"150978","2023","10","5"
"150978","2023","11","10"
"150978","2023","12","7"
"150978","2024","1","183"
"150978","2024","2","167"
"150978","2024","3","98"
"150978","2024","4","2"
"150981","2006","5","1"
"150981","2006","8","636"
"150981","2006","9","402"
"150981","2006","10","867"
"150981","2006","11","687"
"150981","2006","12","326"
"150981","2007","1","579"
"150981","2007","2","295"
"150981","2007","3","254"
"150981","2007","4","27"
"150981","2007","5","81"
"150981","2007","6","12"
"150981","2007","7","55"
"150981","2007","8","74"
"150981","2007","9","29"
"150981","2007","10","16"
"150981","2007","11","2"
"150981","2008","1","65"
"150981","2008","2","11"
"150981","2008","3","136"
"150981","2008","4","28"
"150981","2008","5","57"
"150981","2008","6","3"
"150981","2008","7","88"
"150981","2008","8","275"
"150981","2008","9","148"
"150981","2008","10","388"
"150981","2008","11","342"
"150981","2008","12","521"
"150981","2009","1","140"
"150981","2009","2","307"
"150981","2009","3","87"
"150981","2009","6","103"
"150981","2009","7","296"
"150981","2009","8","204"
"150981","2009","9","781"
"150981","2009","10","18"
"150981","2009","11","77"
"150981","2009","12","1113"
"150981","2010","1","25"
"150981","2010","2","478"
"150981","2010","3","623"
"150981","2010","4","60"
"150981","2010","5","131"
"150981","2010","6","153"
"150981","2010","7","8"
"150981","2010","8","18"
"150981","2010","9","14"
"150981","2010","10","100"
"150981","2010","11","82"
"150981","2010","12","186"
"150981","2011","1","87"
"150981","2011","2","43"
"150981","2011","3","137"
"150981","2011","5","952"
"150981","2011","6","97"
"150981","2011","7","20"
"150981","2011","8","12"
"150981","2011","9","118"
"150981","2011","10","219"
"150981","2011","11","221"
"150981","2011","12","18"
"150981","2012","1","8"
"150981","2012","3","75"
"150981","2012","4","89"
"150981","2012","5","198"
"150981","2012","6","127"
"150981","2012","7","112"
"150981","2012","8","135"
"150981","2012","9","24"
"150981","2012","10","10"
"150981","2012","11","60"
"150981","2012","12","29"
"150981","2013","1","4"
"150981","2013","2","15"
"150981","2013","3","332"
"150981","2013","4","1996"
"150981","2013","5","121"
"150981","2013","6","27"
"150981","2013","7","29"
"150981","2013","8","5"
"150981","2013","9","54"
"150981","2013","10","51"
"150981","2013","11","89"
"150981","2013","12","34"
"150981","2014","1","15"
"150981","2014","2","92"
"150981","2014","3","28"
"150981","2014","4","109"
"150981","2014","5","94"
"150981","2014","6","30"
"150981","2014","7","9"
"150981","2014","8","3"
"150981","2014","9","3"
"150981","2014","10","4"
"150981","2014","12","1165"
"150981","2015","1","18"
"150981","2015","2","55"
"150981","2015","3","75"
"150981","2015","4","32"
"150981","2015","6","18"
"150981","2015","7","4"
"150981","2015","11","27"
"150981","2016","2","1343"
"150981","2016","3","366"
"150981","2016","4","4"
"150981","2016","5","24"
"150981","2016","7","1"
"150981","2016","11","110"
"150981","2016","12","67"
"150981","2017","1","124"
"150981","2017","2","183"
"150981","2017","3","47"
"150981","2017","4","2"
"150981","2017","6","3"
"150981","2017","10","21"
"150981","2017","11","14"
"150981","2017","12","146"
"150981","2018","1","329"
"150981","2018","2","217"
"150981","2018","3","6"
"150981","2018","4","1"
"150981","2018","7","86"
"150981","2018","8","30"
"150981","2018","9","24"
"150981","2019","3","41"
"150981","2019","4","394"
"150981","2019","7","2"
"150981","2019","8","28"
"150981","2019","9","7"
"150981","2019","10","42"
"150981","2019","11","18"
"150981","2020","1","2"
"150981","2020","8","1"
"150981","2021","2","4"
"150981","2021","3","2"
"150981","2021","6","1"
"150981","2021","7","206"
"150981","2021","8","278"
"150981","2021","9","44"
"150981","2021","10","6"
"150981","2021","11","10"
"150981","2021","12","325"
"150981","2022","1","821"
"150981","2022","2","46"
"150981","2022","3","36"
"150981","2022","4","80"
"150981","2022","5","340"
"150981","2022","7","108"
"150981","2022","8","197"
"150981","2022","9","530"
"150981","2022","10","204"
"150981","2022","11","72"
"150981","2022","12","82"
"150981","2023","3","37"
"150981","2023","4","68"
"150981","2023","5","65"
"150981","2023","6","74"
"150981","2023","7","41"
"150981","2023","8","74"
"150981","2023","11","50"
"150981","2023","12","18"
"150981","2024","1","11"
"150981","2024","2","274"
"150981","2024","3","35"
"150983","2003","2","15"
"150983","2003","3","2"
"150983","2003","4","4"
"150983","2003","9","3"
"150983","2003","11","128"
"150983","2003","12","3"
"150983","2004","1","9"
"150983","2004","3","120"
"150983","2004","4","142"
"150983","2004","5","22"
"150983","2004","6","225"
"150983","2004","7","144"
"150983","2004","8","113"
"150983","2004","9","69"
"150983","2004","10","42"
"150983","2004","11","55"
"150983","2004","12","133"
"150983","2005","1","30"
"150983","2005","2","37"
"150983","2005","3","106"
"150983","2005","4","9"
"150983","2005","5","22"
"150983","2005","6","40"
"150983","2005","7","38"
"150983","2005","9","18"
"150983","2005","10","5"
"150983","2005","11","40"
"150983","2005","12","28"
"150983","2006","1","2"
"150983","2006","2","14"
"150983","2006","3","8"
"150983","2006","4","42"
"150983","2006","6","119"
"150983","2006","8","165"
"150983","2006","9","37"
"150983","2006","10","3"
"150983","2006","11","99"
"150983","2006","12","202"
"150983","2007","1","38"
"150983","2007","2","24"
"150983","2007","3","73"
"150983","2007","4","1"
"150983","2007","5","41"
"150983","2007","6","32"
"150983","2007","7","171"
"150983","2007","8","482"
"150983","2007","9","232"
"150983","2007","10","188"
"150983","2007","11","144"
"150983","2007","12","183"
"150983","2008","1","15"
"150983","2008","2","147"
"150983","2008","3","190"
"150983","2008","4","70"
"150983","2008","5","345"
"150983","2008","6","336"
"150983","2008","7","44"
"150983","2008","8","112"
"150983","2008","9","62"
"150983","2008","10","137"
"150983","2008","11","49"
"150983","2008","12","40"
"150983","2009","1","89"
"150983","2009","2","11"
"150983","2009","3","234"
"150983","2009","4","130"
"150983","2009","5","418"
"150983","2009","6","1002"
"150983","2009","7","247"
"150983","2009","8","120"
"150983","2009","9","36"
"150983","2009","10","47"
"150983","2009","11","21"
"150983","2009","12","9"
"150983","2010","1","477"
"150983","2010","2","754"
"150983","2010","3","325"
"150983","2010","4","634"
"150983","2010","5","129"
"150983","2010","6","337"
"150983","2010","7","360"
"150983","2010","8","317"
"150983","2010","9","70"
"150983","2010","10","215"
"150983","2010","11","305"
"150983","2010","12","148"
"150983","2011","1","478"
"150983","2011","2","343"
"150983","2011","3","261"
"150983","2011","4","461"
"150983","2011","5","430"
"150983","2011","6","286"
"150983","2011","7","88"
"150983","2011","8","248"
"150983","2011","9","189"
"150983","2011","10","85"
"150983","2011","11","77"
"150983","2011","12","183"
"150983","2012","1","319"
"150983","2012","2","100"
"150983","2012","3","322"
"150983","2012","4","77"
"150983","2012","5","98"
"150983","2012","6","65"
"150983","2012","7","69"
"150983","2012","8","86"
"150983","2012","9","103"
"150983","2012","10","150"
"150983","2012","11","384"
"150983","2012","12","325"
"150983","2013","1","173"
"150983","2013","2","464"
"150983","2013","3","469"
"150983","2013","4","273"
"150983","2013","5","117"
"150983","2013","6","228"
"150983","2013","7","366"
"150983","2013","8","237"
"150983","2013","9","300"
"150983","2013","10","568"
"150983","2013","11","778"
"150983","2013","12","414"
"150983","2014","1","542"
"150983","2014","2","188"
"150983","2014","3","182"
"150983","2014","4","243"
"150983","2014","5","304"
"150983","2014","6","142"
"150983","2014","7","223"
"150983","2014","8","105"
"150983","2014","9","156"
"150983","2014","10","93"
"150983","2014","11","302"
"150983","2014","12","151"
"150983","2015","1","297"
"150983","2015","2","202"
"150983","2015","3","423"
"150983","2015","4","354"
"150983","2015","5","322"
"150983","2015","6","189"
"150983","2015","7","776"
"150983","2015","8","321"
"150983","2015","9","81"
"150983","2015","10","177"
"150983","2015","11","292"
"150983","2015","12","606"
"150983","2016","1","581"
"150983","2016","2","314"
"150983","2016","3","297"
"150983","2016","4","219"
"150983","2016","5","283"
"150983","2016","6","688"
"150983","2016","7","368"
"150983","2016","8","460"
"150983","2016","9","242"
"150983","2016","10","239"
"150983","2016","11","227"
"150983","2016","12","152"
"150983","2017","1","415"
"150983","2017","2","327"
"150983","2017","3","219"
"150983","2017","4","947"
"150983","2017","5","404"
"150983","2017","6","581"
"150983","2017","7","658"
"150983","2017","8","353"
"150983","2017","9","248"
"150983","2017","10","207"
"150983","2017","11","148"
"150983","2017","12","248"
"150983","2018","1","293"
"150983","2018","2","302"
"150983","2018","3","395"
"150983","2018","4","118"
"150983","2018","5","188"
"150983","2018","6","265"
"150983","2018","7","209"
"150983","2018","8","161"
"150983","2018","9","198"
"150983","2018","10","392"
"150983","2018","11","740"
"150983","2018","12","242"
"150983","2019","1","220"
"150983","2019","2","1492"
"150983","2019","3","558"
"150983","2019","4","796"
"150983","2019","5","309"
"150983","2019","6","232"
"150983","2019","7","350"
"150983","2019","8","1823"
"150983","2019","9","296"
"150983","2019","10","1077"
"150983","2019","11","358"
"150983","2019","12","357"
"150983","2020","1","556"
"150983","2020","2","237"
"150983","2020","3","658"
"150983","2020","4","461"
"150983","2020","5","2078"
"150983","2020","6","780"
"150983","2020","7","874"
"150983","2020","8","218"
"150983","2020","9","345"
"150983","2020","10","982"
"150983","2020","11","140"
"150983","2020","12","1562"
"150983","2021","1","7974"
"150983","2021","2","276"
"150983","2021","3","167"
"150983","2021","4","196"
"150983","2021","5","468"
"150983","2021","6","355"
"150983","2021","7","328"
"150983","2021","8","252"
"150983","2021","9","77"
"150983","2021","10","2692"
"150983","2021","11","326"
"150983","2021","12","444"
"150983","2022","1","341"
"150983","2022","2","131"
"150983","2022","3","158"
"150983","2022","4","246"
"150983","2022","5","222"
"150983","2022","6","305"
"150983","2022","7","643"
"150983","2022","8","447"
"150983","2022","9","385"
"150983","2022","10","163"
"150983","2022","11","167"
"150983","2022","12","2385"
"150983","2023","1","428"
"150983","2023","2","326"
"150983","2023","3","1548"
"150983","2023","4","373"
"150983","2023","5","233"
"150983","2023","6","279"
"150983","2023","7","192"
"150983","2023","8","300"
"150983","2023","9","325"
"150983","2023","10","1752"
"150983","2023","11","186"
"150983","2023","12","1130"
"150983","2024","1","494"
"150983","2024","2","145"
"150983","2024","3","116"
"150983","2024","4","19"
"150985","2017","11","44"
"150985","2017","12","31"
"150985","2018","1","28"
"150985","2018","2","6"
"150985","2018","3","81"
"150985","2018","4","4"
"150985","2018","5","4"
"150985","2018","7","2"
"150985","2018","8","2"
"150985","2019","3","7"
"150985","2019","6","2"
"150985","2019","8","22"
"150985","2019","9","9"
"150985","2019","11","2"
"150985","2019","12","1"
"150985","2020","3","17"
"150985","2020","9","7"
"150985","2020","10","5"
"150985","2021","2","3"
"150985","2021","4","241"
"150985","2021","7","2"
"150985","2021","10","2"
"150985","2022","6","18"
"150985","2022","7","85"
"150985","2023","3","4"
"150988","2010","10","17616"
"150988","2010","11","7990"
"150988","2011","1","19"
"150988","2011","2","22058"
"150988","2011","3","15887"
"150988","2011","4","15203"
"150988","2011","5","33"
"150988","2011","6","11121"
"150988","2011","7","60"
"150988","2011","8","6009"
"150988","2011","9","82076"
"150988","2011","10","10667"
"150988","2011","11","11905"
"150988","2012","1","122"
"150988","2012","2","13816"
"150988","2012","3","262"
"150988","2012","4","59"
"150988","2012","5","49"
"150988","2012","6","21"
"150988","2012","7","37"
"150988","2012","8","245"
"150988","2012","9","41"
"150988","2012","10","11"
"150988","2012","11","6"
"150988","2012","12","5"
"150988","2013","2","9"
"150988","2013","3","28"
"150988","2013","4","5"
"150988","2013","5","6"
"150988","2013","6","37"
"150988","2014","1","58"
"150988","2014","2","354"
"150988","2014","3","1"
"150988","2014","6","1"
"150988","2014","7","73982"
"150988","2014","8","618"
"150988","2014","9","94"
"150988","2014","10","114"
"150988","2014","11","588"
"150988","2014","12","12233"
"150988","2015","1","1"
"150988","2015","2","482"
"150988","2015","3","945"
"150988","2015","4","1558"
"150988","2015","5","1292"
"150988","2015","6","2455"
"150988","2015","7","7833"
"150988","2015","8","5579"
"150988","2015","9","93"
"150988","2015","10","11"
"150988","2015","11","149"
"150988","2015","12","295"
"150988","2016","1","2063"
"150988","2016","2","1340"
"150988","2016","3","900"
"150988","2016","4","1941"
"150988","2016","5","4145"
"150988","2016","6","2341"
"150988","2016","7","1422"
"150988","2016","8","50"
"150988","2016","9","20"
"150988","2016","10","187"
"150988","2016","11","35"
"150988","2016","12","38"
"150988","2017","1","177"
"150988","2017","2","347"
"150988","2017","3","4696"
"150988","2017","4","6123"
"150988","2017","5","5452"
"150988","2017","6","3653"
"150988","2017","7","1525"
"150988","2017","8","1029"
"150988","2017","9","2688"
"150988","2017","10","3821"
"150988","2017","11","1281"
"150988","2017","12","3236"
"150988","2018","1","6631"
"150988","2018","2","27414"
"150988","2018","3","1490"
"150988","2018","4","567"
"150988","2018","5","727"
"150988","2018","6","1328"
"150988","2018","7","6279"
"150988","2018","8","3819"
"150988","2018","9","13111"
"150988","2018","10","6603"
"150988","2018","11","2047"
"150988","2018","12","12188"
"150988","2019","1","569"
"150988","2019","2","1682"
"150988","2019","3","581"
"150988","2019","4","178"
"150988","2019","5","824"
"150988","2019","6","267"
"150988","2019","7","537"
"150988","2019","8","11112"
"150988","2019","9","464"
"150988","2019","10","218"
"150988","2019","11","399"
"150988","2019","12","119"
"150988","2020","1","180"
"150988","2020","2","199"
"150988","2020","3","882"
"150988","2020","4","279"
"150988","2020","5","350"
"150988","2020","6","869"
"150988","2020","7","457"
"150988","2020","8","529"
"150988","2020","9","4031"
"150988","2020","10","1669"
"150988","2020","11","204"
"150988","2020","12","52"
"150988","2021","1","103"
"150988","2021","2","37"
"150988","2021","3","39"
"150988","2021","4","121"
"150988","2021","5","239"
"150988","2021","6","298"
"150988","2021","7","5512"
"150988","2021","8","3224"
"150988","2021","9","4101"
"150988","2021","10","474"
"150988","2021","11","407"
"150988","2021","12","591"
"150988","2022","1","445"
"150988","2022","2","411"
"150988","2022","3","285"
"150988","2022","4","916"
"150988","2022","5","545"
"150988","2022","6","437"
"150988","2022","7","529"
"150988","2022","8","162"
"150988","2022","9","1408"
"150988","2022","10","1037"
"150988","2022","11","1949"
"150988","2022","12","293"
"150988","2023","1","1168"
"150988","2023","2","643"
"150988","2023","3","665"
"150988","2023","4","207"
"150988","2023","5","305"
"150988","2023","6","1116"
"150988","2023","7","331"
"150988","2023","8","194"
"150988","2023","9","1355"
"150988","2023","10","77"
"150988","2023","11","164"
"150988","2023","12","5"
"150988","2024","1","344"
"150988","2024","2","77"
"150988","2024","3","1183"
"150988","2024","4","2"
"151251","2014","9","2"
"151251","2014","10","2"
"151251","2014","11","2"
"151251","2015","4","14"
"151251","2015","5","37"
"151251","2015","6","7"
"151251","2015","12","12"
"151251","2016","1","33"
"151251","2016","2","8"
"151251","2016","3","13"
"151251","2016","4","12"
"151251","2016","5","3"
"151251","2016","6","14"
"151251","2016","8","56"
"151251","2016","9","44"
"151251","2016","10","112"
"151251","2016","11","17"
"151251","2017","1","7"
"151251","2017","2","1"
"151251","2017","3","5"
"151251","2017","4","69"
"151251","2017","5","39"
"151251","2017","6","5"
"151251","2017","7","18"
"151251","2017","8","29"
"151251","2017","9","5"
"151251","2017","10","36"
"151251","2017","11","32"
"151251","2017","12","10"
"151251","2018","1","1"
"151251","2018","2","1"
"151251","2018","4","1"
"151251","2019","3","2"
"151251","2023","9","2"
"151251","2023","10","3"
"151251","2024","1","9"
"151251","2024","2","4"
"151251","2024","3","6"
"151272","2013","8","15"
"151272","2013","10","40"
"151272","2013","11","28"
"151272","2013","12","113"
"151272","2014","1","82"
"151272","2014","2","179"
"151272","2014","3","136"
"151272","2014","4","75"
"151272","2014","5","429"
"151272","2014","6","521"
"151272","2014","7","395"
"151272","2014","8","30"
"151272","2014","9","99"
"151272","2014","10","100"
"151272","2014","11","242"
"151272","2014","12","117"
"151272","2015","1","586"
"151272","2015","2","390"
"151272","2015","3","16"
"151272","2015","4","134"
"151272","2015","5","355"
"151272","2015","6","81"
"151272","2015","7","121"
"151272","2015","8","142"
"151272","2015","9","23"
"151272","2015","10","99"
"151272","2015","11","1008"
"151272","2015","12","381"
"151272","2016","1","162"
"151272","2016","2","101"
"151272","2016","3","102"
"151272","2016","4","33"
"151272","2016","5","155"
"151272","2016","6","95"
"151272","2016","7","213"
"151272","2016","8","557"
"151272","2016","9","12"
"151272","2016","10","9"
"151272","2016","11","156"
"151272","2016","12","57"
"151272","2017","1","23"
"151272","2017","3","9"
"151272","2017","4","24"
"151272","2017","5","12"
"151272","2017","6","8"
"151272","2017","7","112"
"151272","2017","8","28"
"151272","2017","9","2"
"151272","2017","10","55"
"151272","2017","11","21"
"151272","2017","12","394"
"151272","2018","1","34"
"151272","2018","2","6"
"151272","2018","3","349"
"151272","2018","4","36"
"151272","2018","5","33"
"151272","2018","6","204"
"151272","2018","7","93"
"151272","2018","8","5"
"151272","2018","9","173"
"151272","2018","10","28"
"151272","2018","11","14"
"151272","2018","12","91"
"151272","2019","1","33"
"151272","2019","2","46"
"151272","2019","3","3"
"151272","2019","4","106"
"151272","2019","5","186"
"151272","2019","6","39"
"151272","2019","7","3"
"151272","2019","8","3"
"151272","2019","9","3"
"151272","2019","10","34"
"151272","2019","12","353"
"151272","2020","1","341"
"151272","2020","2","22"
"151272","2020","3","3"
"151272","2020","4","797"
"151272","2020","5","1333"
"151272","2020","6","231"
"151272","2020","7","70"
"151272","2020","8","59"
"151272","2020","9","13"
"151272","2020","10","95"
"151272","2020","11","340"
"151272","2020","12","199"
"151272","2021","1","372"
"151272","2021","2","195"
"151272","2021","3","685"
"151272","2021","4","1194"
"151272","2021","5","1100"
"151272","2021","6","1295"
"151272","2021","7","779"
"151272","2021","8","704"
"151272","2021","9","363"
"151272","2021","10","281"
"151272","2021","11","332"
"151272","2021","12","154"
"151272","2022","1","1940"
"151272","2022","2","791"
"151272","2022","3","746"
"151272","2022","4","647"
"151272","2022","5","547"
"151272","2022","6","246"
"151272","2022","7","360"
"151272","2022","8","823"
"151272","2022","9","579"
"151272","2022","10","600"
"151272","2022","11","351"
"151272","2022","12","172"
"151272","2023","1","504"
"151272","2023","2","498"
"151272","2023","3","982"
"151272","2023","4","369"
"151272","2023","5","462"
"151272","2023","6","475"
"151272","2023","7","339"
"151272","2023","8","791"
"151272","2023","9","446"
"151272","2023","10","481"
"151272","2023","11","444"
"151272","2023","12","600"
"151272","2024","1","341"
"151272","2024","2","268"
"151272","2024","3","545"
"151272","2024","4","28"
"151273","2022","9","48"
"151273","2023","3","119"
"151273","2023","4","346"
"151273","2023","5","9"
"151273","2023","6","29"
"151273","2023","7","43"
"151273","2023","9","23"
"151273","2023","10","243"
"151273","2023","11","344"
"151273","2023","12","236"
"151273","2024","1","350"
"151273","2024","2","446"
"151273","2024","3","117"
"151273","2024","4","49"
"151274","2009","7","141"
"151274","2009","8","58"
"151274","2010","2","34"
"151274","2010","3","96"
"151274","2010","4","74"
"151274","2010","5","6"
"151274","2010","6","152"
"151274","2010","7","253"
"151274","2010","8","17"
"151274","2010","10","72"
"151274","2010","11","122"
"151274","2010","12","247"
"151274","2011","1","440"
"151274","2011","2","21"
"151274","2011","3","13"
"151274","2011","4","5"
"151274","2011","5","9"
"151274","2011","8","8"
"151274","2011","9","1"
"151274","2011","10","4"
"151274","2011","11","22"
"151274","2011","12","1"
"151274","2012","1","122"
"151274","2012","2","31"
"151274","2012","4","208"
"151274","2012","5","29"
"151274","2012","6","4"
"151274","2012","7","2"
"151274","2012","8","3"
"151274","2012","12","18"
"151274","2013","3","26"
"151274","2013","4","3"
"151274","2013","5","76"
"151274","2013","6","125"
"151274","2013","10","90"
"151274","2014","1","209"
"151274","2014","2","5"
"151274","2014","4","70"
"151274","2014","5","62"
"151274","2014","6","54"
"151274","2014","7","22"
"151274","2014","9","3"
"151274","2014","11","2"
"151274","2014","12","2"
"151274","2015","3","2"
"151274","2015","4","6"
"151274","2015","6","1"
"151274","2015","10","20"
"151274","2015","11","3"
"151274","2016","3","2"
"151274","2016","4","1"
"151274","2016","5","6"
"151274","2016","6","4"
"151274","2017","3","5"
"151274","2017","4","2"
"151274","2017","10","9"
"151274","2018","1","1"
"151274","2018","4","1"
"151274","2018","5","3"
"151274","2019","9","1"
"151276","2016","5","186"
"151276","2016","6","189"
"151276","2016","7","115"
"151276","2016","8","197"
"151276","2016","9","205"
"151276","2016","10","28"
"151276","2016","11","75"
"151276","2016","12","102"
"151276","2017","1","198"
"151276","2017","2","63"
"151276","2017","3","58"
"151276","2017","4","66"
"151276","2017","5","576"
"151276","2017","6","104"
"151276","2017","7","111"
"151276","2017","8","102"
"151276","2017","9","40"
"151276","2017","10","22"
"151276","2017","11","20"
"151276","2017","12","142"
"151276","2018","1","14"
"151276","2018","2","7"
"151276","2018","3","2"
"151276","2018","4","68"
"151276","2018","5","98"
"151276","2018","6","31"
"151276","2018","7","39"
"151276","2018","8","13"
"151276","2018","9","31"
"151276","2018","10","3"
"151276","2018","11","8"
"151276","2018","12","16"
"151276","2019","1","148"
"151276","2019","2","3"
"151276","2019","3","74"
"151276","2019","4","11"
"151276","2019","5","66"
"151276","2019","6","60"
"151276","2019","7","88"
"151276","2019","8","163"
"151276","2019","9","61"
"151276","2019","10","13"
"151276","2019","11","8"
"151276","2019","12","57"
"151276","2020","1","9"
"151276","2020","2","29"
"151276","2020","3","12"
"151276","2020","4","33"
"151276","2020","5","48"
"151276","2020","6","61"
"151276","2020","7","15"
"151276","2020","8","10"
"151276","2020","9","3"
"151276","2020","10","25"
"151276","2020","11","95"
"151276","2020","12","31"
"151276","2021","1","51"
"151276","2021","2","198"
"151276","2021","3","383"
"151276","2021","4","551"
"151276","2021","5","205"
"151276","2021","6","340"
"151276","2021","7","162"
"151276","2021","8","27"
"151276","2021","9","89"
"151276","2021","10","6"
"151276","2021","11","29"
"151276","2021","12","117"
"151276","2022","1","143"
"151276","2022","2","34"
"151276","2022","3","25"
"151276","2022","4","5"
"151276","2022","5","122"
"151276","2022","6","31"
"151276","2022","7","7"
"151276","2022","8","23"
"151276","2022","9","19"
"151276","2022","10","43"
"151276","2022","11","5"
"151276","2022","12","71"
"151276","2023","1","178"
"151276","2023","2","129"
"151276","2023","3","354"
"151276","2023","4","39"
"151276","2023","5","16"
"151276","2023","6","224"
"151276","2023","7","284"
"151276","2023","8","237"
"151276","2023","9","322"
"151276","2023","10","583"
"151276","2023","11","467"
"151276","2023","12","418"
"151276","2024","1","208"
"151276","2024","2","401"
"151276","2024","3","107"
"151276","2024","4","4"
"151293","2011","11","5"
"151293","2011","12","141"
"151293","2012","1","64"
"151293","2012","2","25"
"151293","2012","3","22"
"151293","2012","4","32"
"151293","2012","5","6"
"151293","2012","6","20"
"151293","2012","7","10"
"151293","2012","8","23"
"151293","2012","9","64"
"151293","2012","10","15"
"151293","2012","12","4"
"151293","2013","1","4"
"151293","2013","2","34"
"151293","2013","3","6"
"151293","2013","4","283"
"151293","2013","5","256"
"151293","2013","6","7"
"151293","2013","7","4"
"151293","2013","8","43"
"151293","2013","9","12"
"151293","2013","10","185"
"151293","2013","11","88"
"151293","2013","12","776"
"151293","2014","1","1484"
"151293","2014","2","223"
"151293","2014","3","236"
"151293","2014","4","27"
"151293","2014","5","18"
"151293","2014","6","26"
"151293","2014","7","24"
"151293","2014","8","3"
"151293","2014","9","61"
"151293","2014","10","62"
"151293","2014","11","5"
"151293","2014","12","15"
"151293","2015","1","4"
"151293","2015","2","48"
"151293","2015","3","33"
"151293","2015","4","92"
"151293","2015","5","15"
"151293","2015","6","24"
"151293","2015","7","1"
"151293","2015","8","9"
"151293","2015","9","4"
"151293","2015","10","9"
"151293","2015","11","11"
"151293","2015","12","37"
"151293","2016","1","191"
"151293","2016","2","336"
"151293","2016","3","83"
"151293","2016","4","29"
"151293","2016","5","10"
"151293","2016","6","25"
"151293","2016","8","62"
"151293","2016","10","23"
"151293","2016","11","1"
"151293","2016","12","5"
"151293","2017","1","31"
"151293","2017","2","31"
"151293","2017","3","87"
"151293","2017","4","19"
"151293","2017","6","2"
"151293","2017","7","106"
"151293","2017","8","21"
"151293","2017","9","10"
"151293","2017","10","9"
"151293","2017","11","64"
"151293","2017","12","40"
"151293","2018","1","197"
"151293","2018","2","879"
"151293","2018","3","366"
"151293","2018","4","249"
"151293","2018","5","246"
"151293","2018","6","146"
"151293","2018","7","199"
"151293","2018","8","55"
"151293","2018","9","62"
"151293","2018","10","80"
"151293","2018","11","56"
"151293","2018","12","111"
"151293","2019","1","98"
"151293","2019","2","59"
"151293","2019","3","13"
"151293","2019","4","13"
"151293","2019","5","81"
"151293","2019","6","65"
"151293","2019","7","16"
"151293","2019","8","65"
"151293","2019","9","55"
"151293","2019","10","44"
"151293","2019","11","87"
"151293","2019","12","37"
"151293","2020","1","78"
"151293","2020","2","175"
"151293","2020","3","26"
"151293","2020","4","271"
"151293","2020","5","152"
"151293","2020","6","89"
"151293","2020","7","77"
"151293","2020","8","56"
"151293","2020","9","81"
"151293","2020","10","1"
"151293","2020","11","53"
"151293","2020","12","73"
"151293","2021","1","51"
"151293","2021","2","440"
"151293","2021","3","360"
"151293","2021","4","70"
"151293","2021","5","134"
"151293","2021","6","143"
"151293","2021","7","125"
"151293","2021","8","49"
"151293","2021","9","36"
"151293","2021","10","17"
"151293","2021","11","82"
"151293","2021","12","9"
"151293","2022","1","50"
"151293","2022","2","11"
"151293","2022","3","94"
"151293","2022","5","11"
"151293","2022","6","93"
"151293","2022","7","2"
"151293","2022","8","83"
"151293","2022","10","10"
"151293","2022","11","1"
"151293","2023","1","5"
"151293","2023","2","205"
"151293","2023","3","46"
"151293","2023","4","38"
"151293","2023","5","41"
"151293","2023","6","13"
"151293","2023","7","6"
"151293","2023","8","74"
"151293","2023","9","50"
"151293","2023","10","58"
"151293","2024","2","41"
"191303","2022","3","2"
"191303","2022","4","714"
"191303","2022","5","664"
"191303","2022","6","556"
"191303","2022","7","368"
"191303","2022","8","392"
"191303","2022","9","374"
"191303","2022","10","474"
"191303","2022","11","368"
"191303","2022","12","338"
"191303","2023","1","402"
"191303","2023","2","618"
"191303","2023","3","880"
"191303","2023","4","284"
"191303","2023","5","312"
"191303","2023","6","268"
"191303","2023","7","434"
"191303","2023","8","712"
"191303","2023","9","708"
"191303","2023","10","354"
"191303","2023","11","562"
"191303","2023","12","244"
"191303","2024","1","238"
"191303","2024","2","112"
"191303","2024","3","60"
"191303","2024","4","3"
"191494","2020","1","101"
"191494","2020","2","61"
"191494","2020","3","30"
"191494","2020","4","62"
"191494","2020","5","63"
"191494","2020","6","55"
"191494","2020","7","97"
"191494","2020","8","25"
"191494","2020","9","312"
"191494","2020","10","329"
"191494","2020","11","248"
"191494","2020","12","250"
"191494","2021","1","27"
"191494","2021","2","37"
"191494","2021","3","200"
"191494","2021","4","50"
"191494","2021","5","9"
"191494","2021","6","54"
"191494","2021","7","98"
"191494","2021","8","21"
"191494","2021","9","45"
"191494","2021","10","10"
"191494","2021","11","79"
"191494","2021","12","1"
"191494","2022","1","19"
"191494","2022","2","19"
"191494","2022","3","59"
"191494","2022","4","23"
"191494","2022","5","52"
"191494","2022","6","18"
"191494","2022","7","35"
"191494","2022","8","65"
"191494","2022","9","38"
"191494","2022","10","43"
"191494","2022","11","10"
"191494","2022","12","41"
"191494","2023","1","116"
"191494","2023","2","90"
"191494","2023","3","120"
"191494","2023","4","417"
"191494","2023","5","252"
"191494","2023","6","114"
"191494","2023","7","20"
"191494","2023","8","2"
"191494","2023","9","13"
"191494","2023","10","3"
"191494","2023","12","17"
"191494","2024","1","34"
"191494","2024","2","27"
"191494","2024","3","32"
"193661","2000","2","1"
"193661","2001","1","383"
"193661","2001","2","117"
"193661","2001","3","417"
"193661","2001","4","149"
"193661","2001","5","535"
"193661","2001","6","63"
"193661","2001","7","10"
"193661","2001","8","313"
"193661","2001","9","219"
"193661","2001","10","250"
"193661","2001","11","191"
"193661","2001","12","92"
"193661","2002","1","205"
"193661","2002","2","150"
"193661","2002","3","268"
"193661","2002","4","142"
"193661","2002","5","97"
"193661","2002","6","105"
"193661","2002","7","15"
"193661","2002","8","142"
"193661","2002","9","188"
"193661","2002","10","102"
"193661","2002","11","86"
"193661","2002","12","128"
"193661","2003","1","255"
"193661","2003","2","76"
"193661","2003","3","118"
"193661","2003","4","232"
"193661","2003","5","144"
"193661","2003","6","163"
"193661","2003","7","178"
"193661","2003","8","240"
"193661","2003","9","104"
"193661","2003","10","358"
"193661","2003","11","142"
"193661","2003","12","129"
"193661","2004","1","413"
"193661","2004","2","544"
"193661","2004","3","522"
"193661","2004","4","356"
"193661","2004","5","363"
"193661","2004","6","325"
"193661","2004","7","223"
"193661","2004","8","163"
"193661","2004","9","277"
"193661","2004","10","245"
"193661","2004","11","345"
"193661","2004","12","274"
"193661","2005","1","377"
"193661","2005","2","139"
"193661","2005","3","295"
"193661","2005","4","454"
"193661","2005","5","403"
"193661","2005","6","59"
"193661","2005","7","77"
"193661","2005","8","126"
"193661","2005","9","128"
"193661","2005","10","96"
"193661","2005","11","157"
"193661","2005","12","222"
"193661","2006","1","150"
"193661","2006","2","83"
"193661","2006","3","100"
"193661","2006","4","209"
"193661","2006","5","122"
"193661","2006","6","105"
"193661","2006","7","363"
"193661","2006","8","184"
"193661","2006","9","255"
"193661","2006","10","408"
"193661","2006","11","230"
"193661","2006","12","92"
"193661","2007","1","583"
"193661","2007","2","573"
"193661","2007","3","326"
"193661","2007","4","361"
"193661","2007","5","144"
"193661","2007","6","195"
"193661","2007","7","289"
"193661","2007","8","338"
"193661","2007","9","443"
"193661","2007","10","385"
"193661","2007","11","290"
"193661","2007","12","150"
"193661","2008","1","339"
"193661","2008","2","258"
"193661","2008","3","156"
"193661","2008","4","198"
"193661","2008","5","367"
"193661","2008","6","198"
"193661","2008","7","457"
"193661","2008","8","560"
"193661","2008","9","660"
"193661","2008","10","522"
"193661","2008","11","351"
"193661","2008","12","225"
"193661","2009","1","229"
"193661","2009","2","188"
"193661","2009","3","87"
"193661","2009","4","376"
"193661","2009","5","473"
"193661","2009","6","287"
"193661","2009","7","179"
"193661","2009","8","175"
"193661","2009","9","150"
"193661","2009","10","214"
"193661","2009","11","371"
"193661","2009","12","243"
"193661","2010","1","327"
"193661","2010","2","504"
"193661","2010","3","855"
"193661","2010","4","193"
"193661","2010","5","262"
"193661","2010","6","129"
"193661","2010","7","103"
"193661","2010","8","256"
"193661","2010","9","127"
"193661","2010","10","109"
"193661","2010","11","211"
"193661","2010","12","165"
"193661","2011","1","224"
"193661","2011","2","99"
"193661","2011","3","393"
"193661","2011","4","391"
"193661","2011","5","170"
"193661","2011","6","175"
"193661","2011","7","275"
"193661","2011","8","292"
"193661","2011","9","446"
"193661","2011","10","273"
"193661","2011","11","137"
"193661","2011","12","204"
"193661","2012","1","129"
"193661","2012","2","96"
"193661","2012","3","147"
"193661","2012","4","410"
"193661","2012","5","148"
"193661","2012","6","551"
"193661","2012","7","222"
"193661","2012","8","90"
"193661","2012","9","85"
"193661","2012","10","68"
"193661","2012","11","270"
"193661","2012","12","664"
"193661","2013","1","988"
"193661","2013","2","525"
"193661","2013","3","357"
"193661","2013","4","274"
"193661","2013","5","102"
"193661","2013","6","102"
"193661","2013","7","176"
"193661","2013","8","271"
"193661","2013","9","337"
"193661","2013","10","212"
"193661","2013","11","225"
"193661","2013","12","335"
"193661","2014","1","427"
"193661","2014","2","504"
"193661","2014","3","389"
"193661","2014","4","269"
"193661","2014","5","234"
"193661","2014","6","497"
"193661","2014","7","247"
"193661","2014","8","192"
"193661","2014","9","134"
"193661","2014","10","357"
"193661","2014","11","493"
"193661","2014","12","444"
"193661","2015","1","248"
"193661","2015","2","201"
"193661","2015","3","713"
"193661","2015","4","172"
"193661","2015","5","236"
"193661","2015","6","250"
"193661","2015","7","152"
"193661","2015","8","276"
"193661","2015","9","247"
"193661","2015","10","121"
"193661","2015","11","238"
"193661","2015","12","135"
"193661","2016","1","125"
"193661","2016","2","1419"
"193661","2016","3","319"
"193661","2016","4","604"
"193661","2016","5","151"
"193661","2016","6","273"
"193661","2016","7","56"
"193661","2016","8","282"
"193661","2016","9","206"
"193661","2016","10","242"
"193661","2016","11","791"
"193661","2016","12","453"
"193661","2017","1","148"
"193661","2017","2","207"
"193661","2017","3","370"
"193661","2017","4","240"
"193661","2017","5","630"
"193661","2017","6","544"
"193661","2017","7","217"
"193661","2017","8","313"
"193661","2017","9","684"
"193661","2017","10","289"
"193661","2017","11","172"
"193661","2017","12","154"
"193661","2018","1","237"
"193661","2018","2","217"
"193661","2018","3","162"
"193661","2018","4","231"
"193661","2018","5","314"
"193661","2018","6","214"
"193661","2018","7","208"
"193661","2018","8","258"
"193661","2018","9","618"
"193661","2018","10","269"
"193661","2018","11","286"
"193661","2018","12","248"
"193661","2019","1","147"
"193661","2019","2","268"
"193661","2019","3","196"
"193661","2019","4","364"
"193661","2019","5","458"
"193661","2019","6","146"
"193661","2019","7","249"
"193661","2019","8","304"
"193661","2019","9","249"
"193661","2019","10","378"
"193661","2019","11","364"
"193661","2019","12","229"
"193661","2020","1","260"
"193661","2020","2","804"
"193661","2020","3","744"
"193661","2020","4","397"
"193661","2020","5","502"
"193661","2020","6","343"
"193661","2020","7","458"
"193661","2020","8","351"
"193661","2020","9","489"
"193661","2020","10","796"
"193661","2020","11","2128"
"193661","2020","12","334"
"193661","2021","1","530"
"193661","2021","2","390"
"193661","2021","3","1620"
"193661","2021","4","347"
"193661","2021","5","286"
"193661","2021","6","441"
"193661","2021","7","335"
"193661","2021","8","432"
"193661","2021","9","677"
"193661","2021","10","618"
"193661","2021","11","903"
"193661","2021","12","264"
"193661","2022","1","365"
"193661","2022","2","446"
"193661","2022","3","348"
"193661","2022","4","299"
"193661","2022","5","1982"
"193661","2022","6","476"
"193661","2022","7","238"
"193661","2022","8","235"
"193661","2022","9","788"
"193661","2022","10","766"
"193661","2022","11","672"
"193661","2022","12","395"
"193661","2023","1","2168"
"193661","2023","2","471"
"193661","2023","3","1218"
"193661","2023","4","1045"
"193661","2023","5","426"
"193661","2023","6","313"
"193661","2023","7","366"
"193661","2023","8","1008"
"193661","2023","9","1284"
"193661","2023","10","1634"
"193661","2023","11","495"
"193661","2023","12","1003"
"193661","2024","1","1714"
"193661","2024","2","1205"
"193661","2024","3","1625"
"193661","2024","4","40"
