org_name,commit_month,avg_commits_per_contributor
curl,2012-01-01,12.333333333333334
curl,2012-02-01,12.75
curl,2012-03-01,10.857142857142858
curl,2012-04-01,31.846153846153847
curl,2012-05-01,14.090909090909092
curl,2012-06-01,46.916666666666664
curl,2012-07-01,14.4375
curl,2012-08-01,9.8
curl,2012-09-01,9.090909090909092
curl,2012-10-01,6.7272727272727275
curl,2012-11-01,16.41176470588235
curl,2012-12-01,74.33333333333333
curl,2013-01-01,71.78571428571429
curl,2013-02-01,24.863636363636363
curl,2013-03-01,23.1875
curl,2013-04-01,12.347826086956522
curl,2013-05-01,23.5
curl,2013-06-01,8.642857142857142
curl,2013-07-01,12.714285714285714
curl,2013-08-01,18.933333333333334
curl,2013-09-01,26.23076923076923
curl,2013-10-01,12.222222222222221
curl,2013-11-01,29.11111111111111
curl,2013-12-01,49.6
curl,2014-01-01,22.9
curl,2014-02-01,22.954545454545453
curl,2014-03-01,29.8
curl,2014-04-01,37.0
curl,2014-05-01,19.153846153846153
curl,2014-06-01,47.333333333333336
curl,2014-07-01,14.5
curl,2014-08-01,20.705882352941178
curl,2014-09-01,13.842105263157896
curl,2014-10-01,27.785714285714285
curl,2014-11-01,25.476190476190474
curl,2014-12-01,25.526315789473685
curl,2015-01-01,18.625
curl,2015-02-01,17.916666666666668
curl,2015-03-01,29.85185185185185
curl,2015-04-01,12.105263157894736
curl,2015-05-01,15.529411764705882
curl,2015-06-01,33.5
curl,2015-07-01,11.666666666666666
curl,2015-08-01,12.5
curl,2015-09-01,19.130434782608695
curl,2015-10-01,10.55
curl,2015-11-01,22.625
curl,2015-12-01,39.083333333333336
curl,2016-01-01,26.11111111111111
curl,2016-02-01,79.31818181818181
curl,2016-03-01,28.6
curl,2016-04-01,35.8421052631579
curl,2016-05-01,13.95
curl,2016-06-01,17.352941176470587
curl,2016-07-01,5.533333333333333
curl,2016-08-01,16.59259259259259
curl,2016-09-01,18.166666666666668
curl,2016-10-01,35.90909090909091
curl,2016-11-01,45.43478260869565
curl,2016-12-01,30.894736842105264
curl,2017-01-01,9.590909090909092
curl,2017-02-01,19.08
curl,2017-03-01,14.892857142857142
curl,2017-04-01,15.833333333333334
curl,2017-05-01,38.166666666666664
curl,2017-06-01,25.772727272727273
curl,2017-07-01,12.105263157894736
curl,2017-08-01,18.458333333333332
curl,2017-09-01,176.16666666666666
curl,2017-10-01,345.92857142857144
curl,2017-11-01,14.090909090909092
curl,2017-12-01,8.08695652173913
curl,2018-01-01,12.454545454545455
curl,2018-02-01,11.952380952380953
curl,2018-03-01,23.785714285714285
curl,2018-04-01,14.909090909090908
curl,2018-05-01,14.73913043478261
curl,2018-06-01,16.40909090909091
curl,2018-07-01,8.178571428571429
curl,2018-08-01,31.625
curl,2018-09-01,38.06896551724138
curl,2018-10-01,15.608695652173912
curl,2018-11-01,13.962962962962964
curl,2018-12-01,11.615384615384615
curl,2019-01-01,13.333333333333334
curl,2019-02-01,14.476190476190476
curl,2019-03-01,11.68421052631579
curl,2019-04-01,14.692307692307692
curl,2019-05-01,25.523809523809526
curl,2019-06-01,9.26086956521739
curl,2019-07-01,11.2
curl,2019-08-01,15.56
curl,2019-09-01,9.675675675675675
curl,2019-10-01,17.47826086956522
curl,2019-11-01,16.033333333333335
curl,2019-12-01,21.9375
curl,2020-01-01,13.571428571428571
curl,2020-02-01,35.65217391304348
curl,2020-03-01,42.95652173913044
curl,2020-04-01,17.551724137931036
curl,2020-05-01,23.64
curl,2020-06-01,18.25
curl,2020-07-01,16.482758620689655
curl,2020-08-01,17.833333333333332
curl,2020-09-01,53.07142857142857
curl,2020-10-01,53.166666666666664
curl,2020-11-01,160.44444444444446
curl,2020-12-01,23.956521739130434
curl,2021-01-01,38.75
curl,2021-02-01,29.94736842105263
curl,2021-03-01,65.26923076923077
curl,2021-04-01,12.787878787878787
curl,2021-05-01,11.307692307692308
curl,2021-06-01,29.675675675675677
curl,2021-07-01,19.666666666666668
curl,2021-08-01,20.928571428571427
curl,2021-09-01,25.88235294117647
curl,2021-10-01,27.517241379310345
curl,2021-11-01,44.36
curl,2021-12-01,31.782608695652176
curl,2022-01-01,12.352941176470589
curl,2022-02-01,17.7
curl,2022-03-01,20.4
curl,2022-04-01,19.115384615384617
curl,2022-05-01,86.5925925925926
curl,2022-06-01,46.91304347826087
curl,2022-07-01,40.22222222222222
curl,2022-08-01,19.958333333333332
curl,2022-09-01,41.51851851851852
curl,2022-10-01,27.72222222222222
curl,2022-11-01,30.96
curl,2022-12-01,14.878787878787879
curl,2023-01-01,76.58620689655173
curl,2023-02-01,21.09375
curl,2023-03-01,42.35294117647059
curl,2023-04-01,32.30952380952381
curl,2023-05-01,39.1764705882353
curl,2023-06-01,19.21212121212121
curl,2023-07-01,12.91891891891892
curl,2023-08-01,52.58620689655172
curl,2023-09-01,55.483870967741936
curl,2023-10-01,66.39285714285714
curl,2023-11-01,47.45454545454545
curl,2023-12-01,53.55882352941177
curl,2024-01-01,84.10344827586206
curl,2024-02-01,42.193548387096776
curl,2024-03-01,75.03846153846153
curl,2024-04-01,31.727272727272727
fortran-lang,2012-02-01,142.0
fortran-lang,2012-06-01,1.0
fortran-lang,2013-02-01,55.0
fortran-lang,2015-02-01,1.0
fortran-lang,2017-05-01,964.0
fortran-lang,2017-07-01,772.0
fortran-lang,2017-08-01,314.0
fortran-lang,2017-09-01,3.0
fortran-lang,2017-10-01,68.0
fortran-lang,2017-11-01,37.0
fortran-lang,2017-12-01,9.5
fortran-lang,2018-01-01,33.0
fortran-lang,2018-03-01,6.5
fortran-lang,2018-04-01,13.2
fortran-lang,2018-05-01,35.666666666666664
fortran-lang,2018-06-01,14.5
fortran-lang,2018-07-01,40.0
fortran-lang,2018-08-01,5.0
fortran-lang,2018-09-01,22.5
fortran-lang,2018-10-01,11.25
fortran-lang,2018-11-01,21.0
fortran-lang,2019-01-01,15.75
fortran-lang,2019-02-01,19.333333333333332
fortran-lang,2019-03-01,136.66666666666666
fortran-lang,2019-04-01,32.0
fortran-lang,2019-05-01,19.0
fortran-lang,2019-06-01,7.5
fortran-lang,2019-07-01,13.666666666666666
fortran-lang,2019-08-01,3.5
fortran-lang,2019-09-01,4.5
fortran-lang,2019-10-01,1.0
fortran-lang,2019-12-01,17.444444444444443
fortran-lang,2020-01-01,32.07142857142857
fortran-lang,2020-02-01,18.46153846153846
fortran-lang,2020-03-01,16.2
fortran-lang,2020-04-01,18.36842105263158
fortran-lang,2020-05-01,223.70833333333334
fortran-lang,2020-06-01,64.0
fortran-lang,2020-07-01,35.94736842105263
fortran-lang,2020-08-01,14.0
fortran-lang,2020-09-01,75.3125
fortran-lang,2020-10-01,54.68421052631579
fortran-lang,2020-11-01,103.47368421052632
fortran-lang,2020-12-01,101.73913043478261
fortran-lang,2021-01-01,98.6923076923077
fortran-lang,2021-02-01,46.294117647058826
fortran-lang,2021-03-01,59.87096774193548
fortran-lang,2021-04-01,72.33333333333333
fortran-lang,2021-05-01,46.03703703703704
fortran-lang,2021-06-01,81.42105263157895
fortran-lang,2021-07-01,78.27027027027027
fortran-lang,2021-08-01,88.0
fortran-lang,2021-09-01,111.0625
fortran-lang,2021-10-01,154.4090909090909
fortran-lang,2021-11-01,133.85714285714286
fortran-lang,2021-12-01,264.07142857142856
fortran-lang,2022-01-01,64.11538461538461
fortran-lang,2022-02-01,69.65
fortran-lang,2022-03-01,242.47826086956522
fortran-lang,2022-04-01,62.96153846153846
fortran-lang,2022-05-01,80.25
fortran-lang,2022-06-01,141.45833333333334
fortran-lang,2022-07-01,150.94736842105263
fortran-lang,2022-08-01,82.84
fortran-lang,2022-09-01,39.628571428571426
fortran-lang,2022-10-01,13.666666666666666
fortran-lang,2022-11-01,55.31578947368421
fortran-lang,2022-12-01,32.90909090909091
fortran-lang,2023-01-01,36.92857142857143
fortran-lang,2023-02-01,49.9375
fortran-lang,2023-03-01,103.24
fortran-lang,2023-04-01,42.94117647058823
fortran-lang,2023-05-01,90.9
fortran-lang,2023-06-01,131.64
fortran-lang,2023-07-01,23.0
fortran-lang,2023-08-01,109.25
fortran-lang,2023-09-01,106.4375
fortran-lang,2023-10-01,49.6
fortran-lang,2023-11-01,21.0
fortran-lang,2023-12-01,52.68421052631579
fortran-lang,2024-01-01,179.38888888888889
fortran-lang,2024-02-01,72.3076923076923
fortran-lang,2024-03-01,111.68181818181819
fortran-lang,2024-04-01,1566.2307692307693
openjs-foundation,2015-06-01,1.0
openjs-foundation,2015-07-01,2.0
openjs-foundation,2015-08-01,3.5
openjs-foundation,2016-07-01,1.0
openjs-foundation,2016-08-01,1.5
openjs-foundation,2016-09-01,1.0
openjs-foundation,2016-11-01,1.0
openjs-foundation,2017-01-01,1.0
openjs-foundation,2017-04-01,1.0
openjs-foundation,2017-09-01,2.0
openjs-foundation,2017-10-01,1.5
openjs-foundation,2017-11-01,3.3333333333333335
openjs-foundation,2017-12-01,8.0
openjs-foundation,2018-01-01,8.0
openjs-foundation,2018-03-01,4.2
openjs-foundation,2018-04-01,7.0
openjs-foundation,2018-05-01,1.4090909090909092
openjs-foundation,2018-06-01,3.0
openjs-foundation,2018-07-01,2.3333333333333335
openjs-foundation,2018-08-01,3.0
openjs-foundation,2018-09-01,1.6
openjs-foundation,2018-10-01,2.769230769230769
openjs-foundation,2018-11-01,4.6
openjs-foundation,2018-12-01,4.0
openjs-foundation,2019-01-01,3.909090909090909
openjs-foundation,2019-02-01,6.0
openjs-foundation,2019-03-01,5.777777777777778
openjs-foundation,2019-04-01,2.4285714285714284
openjs-foundation,2019-05-01,3.25
openjs-foundation,2019-06-01,2.6875
openjs-foundation,2019-07-01,3.0833333333333335
openjs-foundation,2019-08-01,7.5
openjs-foundation,2019-09-01,4.428571428571429
openjs-foundation,2019-10-01,3.125
openjs-foundation,2019-11-01,62.666666666666664
openjs-foundation,2019-12-01,3.6
openjs-foundation,2020-01-01,2.8333333333333335
openjs-foundation,2020-02-01,8.1
openjs-foundation,2020-03-01,2.9
openjs-foundation,2020-04-01,2.8461538461538463
openjs-foundation,2020-05-01,4.083333333333333
openjs-foundation,2020-06-01,2.909090909090909
openjs-foundation,2020-07-01,4.714285714285714
openjs-foundation,2020-08-01,12.916666666666666
openjs-foundation,2020-09-01,10.857142857142858
openjs-foundation,2020-10-01,3.0
openjs-foundation,2020-11-01,11.5
openjs-foundation,2020-12-01,3.8
openjs-foundation,2021-01-01,14.75
openjs-foundation,2021-02-01,5.285714285714286
openjs-foundation,2021-03-01,9.5
openjs-foundation,2021-04-01,5.5
openjs-foundation,2021-05-01,3.4
openjs-foundation,2021-06-01,3.5
openjs-foundation,2021-07-01,8.11111111111111
openjs-foundation,2021-08-01,18.2
openjs-foundation,2021-09-01,1.5
openjs-foundation,2021-10-01,18.5
openjs-foundation,2021-11-01,11.0
openjs-foundation,2021-12-01,1.0
openjs-foundation,2022-01-01,9.5
openjs-foundation,2022-02-01,1.5
openjs-foundation,2022-03-01,5.25
openjs-foundation,2022-04-01,4.454545454545454
openjs-foundation,2022-05-01,6.5
openjs-foundation,2022-06-01,1.0
openjs-foundation,2022-07-01,3.75
openjs-foundation,2022-08-01,4.0
openjs-foundation,2022-09-01,1.2
openjs-foundation,2022-10-01,2.75
openjs-foundation,2022-11-01,3.1538461538461537
openjs-foundation,2022-12-01,30.2
openjs-foundation,2023-01-01,13.75
openjs-foundation,2023-02-01,3.25
openjs-foundation,2023-03-01,6.8
openjs-foundation,2023-04-01,2.1333333333333333
openjs-foundation,2023-05-01,8.75
openjs-foundation,2023-06-01,3.7
openjs-foundation,2023-07-01,4.5
openjs-foundation,2023-08-01,2.5
openjs-foundation,2023-09-01,2.8
openjs-foundation,2023-10-01,3.923076923076923
openjs-foundation,2023-11-01,1.6
openjs-foundation,2023-12-01,4.5
openjs-foundation,2024-01-01,4.1
openjs-foundation,2024-02-01,3.1666666666666665
openjs-foundation,2024-03-01,2.0
openjs-foundation,2024-04-01,1.0
openmls,2017-02-01,57.5
openmls,2017-03-01,3.0
openmls,2017-04-01,3.0
openmls,2017-05-01,3.5
openmls,2018-05-01,1.0
openmls,2018-11-01,1.0
openmls,2019-01-01,4.5
openmls,2019-02-01,4.0
openmls,2019-03-01,3.0
openmls,2019-04-01,1.0
openmls,2019-05-01,1.0
openmls,2019-11-01,4.666666666666667
openmls,2019-12-01,3.0
openmls,2020-04-01,2.6666666666666665
openmls,2020-05-01,47.5
openmls,2020-07-01,8.0
openmls,2020-08-01,139.0
openmls,2020-09-01,74.0
openmls,2020-10-01,185.33333333333334
openmls,2020-11-01,105.33333333333333
openmls,2020-12-01,78.5
openmls,2021-01-01,45.0
openmls,2021-02-01,30.6
openmls,2021-03-01,25.5
openmls,2021-04-01,85.6
openmls,2021-05-01,53.0
openmls,2021-06-01,129.0
openmls,2021-07-01,101.5
openmls,2021-08-01,6.0
openmls,2021-09-01,2.3333333333333335
openmls,2021-10-01,85.75
openmls,2021-11-01,89.0
openmls,2021-12-01,182.2
openmls,2022-01-01,63.0
openmls,2022-02-01,173.16666666666666
openmls,2022-03-01,9.5
openmls,2022-04-01,1.75
openmls,2022-05-01,1.0
openmls,2022-06-01,3.0
openmls,2022-07-01,5.0
openmls,2022-08-01,13.0
openmls,2022-09-01,16.333333333333332
openmls,2022-10-01,63.0
openmls,2022-11-01,52.285714285714285
openmls,2022-12-01,74.28571428571429
openmls,2023-01-01,118.0
openmls,2023-02-01,67.14285714285714
openmls,2023-03-01,52.6
openmls,2023-04-01,38.285714285714285
openmls,2023-05-01,20.0
openmls,2023-06-01,12.0
openmls,2023-07-01,6.4
openmls,2023-08-01,35.75
openmls,2023-09-01,6.8
openmls,2023-10-01,2.5
openmls,2023-11-01,2.0
openmls,2023-12-01,2.6666666666666665
openmls,2024-01-01,46.25
openmls,2024-02-01,29.75
openmls,2024-03-01,19.333333333333332
openmls,2024-04-01,60.25
openpgpjs,2012-01-01,25.0
openpgpjs,2012-02-01,18.666666666666668
openpgpjs,2012-03-01,12.333333333333334
openpgpjs,2012-04-01,22.88888888888889
openpgpjs,2012-05-01,45.6
openpgpjs,2012-06-01,17.75
openpgpjs,2012-07-01,47.2
openpgpjs,2012-08-01,15.333333333333334
openpgpjs,2012-09-01,20.428571428571427
openpgpjs,2012-10-01,20.571428571428573
openpgpjs,2012-11-01,15.0
openpgpjs,2012-12-01,23.555555555555557
openpgpjs,2013-01-01,12.066666666666666
openpgpjs,2013-02-01,22.2
openpgpjs,2013-03-01,39.0
openpgpjs,2013-04-01,48.333333333333336
openpgpjs,2013-05-01,40.77777777777778
openpgpjs,2013-06-01,11.4
openpgpjs,2013-07-01,7.0
openpgpjs,2013-08-01,9.2
openpgpjs,2013-09-01,4.928571428571429
openpgpjs,2013-10-01,26.214285714285715
openpgpjs,2013-11-01,26.41176470588235
openpgpjs,2013-12-01,81.8
openpgpjs,2014-01-01,104.8
openpgpjs,2014-02-01,41.69230769230769
openpgpjs,2014-03-01,70.6
openpgpjs,2014-04-01,31.625
openpgpjs,2014-05-01,25.785714285714285
openpgpjs,2014-06-01,35.93333333333333
openpgpjs,2014-07-01,27.083333333333332
openpgpjs,2014-08-01,24.88888888888889
openpgpjs,2014-09-01,19.076923076923077
openpgpjs,2014-10-01,16.666666666666668
openpgpjs,2014-11-01,18.466666666666665
openpgpjs,2014-12-01,17.153846153846153
openpgpjs,2015-01-01,14.76923076923077
openpgpjs,2015-02-01,18.153846153846153
openpgpjs,2015-03-01,16.6
openpgpjs,2015-04-01,12.857142857142858
openpgpjs,2015-05-01,5.25
openpgpjs,2015-06-01,7.923076923076923
openpgpjs,2015-07-01,10.181818181818182
openpgpjs,2015-08-01,5.8125
openpgpjs,2015-09-01,5.363636363636363
openpgpjs,2015-10-01,18.666666666666668
openpgpjs,2015-11-01,5.5
openpgpjs,2015-12-01,7.4
openpgpjs,2016-01-01,19.846153846153847
openpgpjs,2016-02-01,48.27272727272727
openpgpjs,2016-03-01,12.4375
openpgpjs,2016-04-01,5.8
openpgpjs,2016-05-01,7.0
openpgpjs,2016-06-01,9.0
openpgpjs,2016-07-01,10.5
openpgpjs,2016-08-01,9.333333333333334
openpgpjs,2016-09-01,3.875
openpgpjs,2016-10-01,6.25
openpgpjs,2016-11-01,3.3333333333333335
openpgpjs,2016-12-01,8.777777777777779
openpgpjs,2017-01-01,5.0
openpgpjs,2017-02-01,8.818181818181818
openpgpjs,2017-03-01,11.666666666666666
openpgpjs,2017-04-01,4.0
openpgpjs,2017-05-01,4.0
openpgpjs,2017-06-01,4.4
openpgpjs,2017-07-01,41.266666666666666
openpgpjs,2017-08-01,4.5
openpgpjs,2017-09-01,4.0
openpgpjs,2017-10-01,2.0
openpgpjs,2017-11-01,16.0
openpgpjs,2017-12-01,18.125
openpgpjs,2018-01-01,51.57142857142857
openpgpjs,2018-02-01,89.0
openpgpjs,2018-03-01,58.625
openpgpjs,2018-04-01,69.5
openpgpjs,2018-05-01,39.09090909090909
openpgpjs,2018-06-01,28.142857142857142
openpgpjs,2018-07-01,38.57142857142857
openpgpjs,2018-08-01,11.5
openpgpjs,2018-09-01,14.6
openpgpjs,2018-10-01,16.4
openpgpjs,2018-11-01,12.9
openpgpjs,2018-12-01,22.142857142857142
openpgpjs,2019-01-01,28.11764705882353
openpgpjs,2019-02-01,25.285714285714285
openpgpjs,2019-03-01,6.0
openpgpjs,2019-04-01,5.25
openpgpjs,2019-05-01,26.25
openpgpjs,2019-06-01,11.714285714285714
openpgpjs,2019-07-01,4.428571428571429
openpgpjs,2019-08-01,17.5
openpgpjs,2019-09-01,10.666666666666666
openpgpjs,2019-10-01,9.166666666666666
openpgpjs,2019-11-01,77.85714285714286
openpgpjs,2019-12-01,17.5
openpgpjs,2020-01-01,21.875
openpgpjs,2020-02-01,42.0
openpgpjs,2020-03-01,5.6
openpgpjs,2020-04-01,37.25
openpgpjs,2020-05-01,45.2
openpgpjs,2020-06-01,22.5
openpgpjs,2020-07-01,14.666666666666666
openpgpjs,2020-08-01,14.0
openpgpjs,2020-09-01,15.666666666666666
openpgpjs,2020-10-01,1.0
openpgpjs,2020-11-01,13.5
openpgpjs,2020-12-01,18.25
openpgpjs,2021-01-01,25.5
openpgpjs,2021-02-01,115.5
openpgpjs,2021-03-01,84.8
openpgpjs,2021-04-01,24.0
openpgpjs,2021-05-01,27.8
openpgpjs,2021-06-01,35.75
openpgpjs,2021-07-01,21.571428571428573
openpgpjs,2021-08-01,55.0
openpgpjs,2021-09-01,23.666666666666668
openpgpjs,2021-10-01,49.8
openpgpjs,2021-11-01,32.6
openpgpjs,2021-12-01,14.555555555555555
openpgpjs,2022-01-01,38.8
openpgpjs,2022-02-01,10.8
openpgpjs,2022-03-01,50.0
openpgpjs,2022-05-01,10.333333333333334
openpgpjs,2022-06-01,23.0
openpgpjs,2022-07-01,2.0
openpgpjs,2022-08-01,29.8
openpgpjs,2022-09-01,10.0
openpgpjs,2022-10-01,2.75
openpgpjs,2022-11-01,6.666666666666667
openpgpjs,2022-12-01,293.0
openpgpjs,2023-01-01,57.166666666666664
openpgpjs,2023-02-01,61.0
openpgpjs,2023-03-01,51.25
openpgpjs,2023-04-01,28.88888888888889
openpgpjs,2023-05-01,39.142857142857146
openpgpjs,2023-06-01,16.0
openpgpjs,2023-07-01,17.333333333333332
openpgpjs,2023-08-01,38.25
openpgpjs,2023-09-01,37.285714285714285
openpgpjs,2023-10-01,26.8
openpgpjs,2023-11-01,19.0
openpgpjs,2023-12-01,53.0
openpgpjs,2024-01-01,29.0
openpgpjs,2024-02-01,70.0
openpgpjs,2024-03-01,24.0
pendulum-project,2020-02-01,2.0
pendulum-project,2022-01-01,30.75
pendulum-project,2022-02-01,32.75
pendulum-project,2022-03-01,34.0
pendulum-project,2022-04-01,121.0
pendulum-project,2022-05-01,71.3
pendulum-project,2022-06-01,92.66666666666667
pendulum-project,2022-07-01,61.333333333333336
pendulum-project,2022-08-01,65.33333333333333
pendulum-project,2022-09-01,51.25
pendulum-project,2022-10-01,52.7
pendulum-project,2022-11-01,72.88888888888889
pendulum-project,2022-12-01,56.714285714285715
pendulum-project,2023-01-01,51.18181818181818
pendulum-project,2023-02-01,68.45454545454545
pendulum-project,2023-03-01,92.8
pendulum-project,2023-04-01,38.75
pendulum-project,2023-05-01,53.44444444444444
pendulum-project,2023-06-01,46.0
pendulum-project,2023-07-01,74.55555555555556
pendulum-project,2023-08-01,93.7
pendulum-project,2023-09-01,153.0
pendulum-project,2023-10-01,31.4
pendulum-project,2023-11-01,85.6
pendulum-project,2023-12-01,22.071428571428573
pendulum-project,2024-01-01,47.5
pendulum-project,2024-02-01,45.0
pendulum-project,2024-03-01,20.428571428571427
pendulum-project,2024-04-01,11.0
php,2012-01-01,227.92307692307693
php,2012-02-01,73.51351351351352
php,2012-03-01,82.34042553191489
php,2012-04-01,79.04166666666667
php,2012-05-01,65.2394366197183
php,2012-06-01,67.27692307692308
php,2012-07-01,60.59375
php,2012-08-01,56.86486486486486
php,2012-09-01,49.74666666666667
php,2012-10-01,142.0
php,2012-11-01,60.353846153846156
php,2012-12-01,64.109375
php,2013-01-01,180.67567567567568
php,2013-02-01,67.38571428571429
php,2013-03-01,68.43835616438356
php,2013-04-01,41.546875
php,2013-05-01,62.0
php,2013-06-01,62.896103896103895
php,2013-07-01,99.49295774647888
php,2013-08-01,70.44642857142857
php,2013-09-01,52.42857142857143
php,2013-10-01,42.36986301369863
php,2013-11-01,136.15384615384616
php,2013-12-01,115.5
php,2014-01-01,113.54285714285714
php,2014-02-01,80.92307692307692
php,2014-03-01,75.55555555555556
php,2014-04-01,76.61194029850746
php,2014-05-01,52.47435897435897
php,2014-06-01,80.453125
php,2014-07-01,61.0
php,2014-08-01,127.9090909090909
php,2014-09-01,157.75
php,2014-10-01,74.8923076923077
php,2014-11-01,53.92063492063492
php,2014-12-01,101.40277777777777
php,2015-01-01,150.57692307692307
php,2015-02-01,69.12658227848101
php,2015-03-01,94.87341772151899
php,2015-04-01,79.5072463768116
php,2015-05-01,86.06849315068493
php,2015-06-01,57.214285714285715
php,2015-07-01,73.54237288135593
php,2015-08-01,46.388888888888886
php,2015-09-01,35.617283950617285
php,2015-10-01,35.20987654320987
php,2015-11-01,46.11864406779661
php,2015-12-01,136.52307692307693
php,2016-01-01,107.72307692307692
php,2016-02-01,44.24590163934426
php,2016-03-01,47.53225806451613
php,2016-04-01,43.73134328358209
php,2016-05-01,32.57377049180328
php,2016-06-01,56.4375
php,2016-07-01,58.54794520547945
php,2016-08-01,51.114285714285714
php,2016-09-01,79.47457627118644
php,2016-10-01,88.11666666666666
php,2016-11-01,94.68493150684931
php,2016-12-01,45.922077922077925
php,2017-01-01,142.3768115942029
php,2017-02-01,32.45
php,2017-03-01,34.904761904761905
php,2017-04-01,31.366197183098592
php,2017-05-01,27.8135593220339
php,2017-06-01,22.78082191780822
php,2017-07-01,50.98701298701299
php,2017-08-01,50.58064516129032
php,2017-09-01,94.62711864406779
php,2017-10-01,62.72463768115942
php,2017-11-01,39.51898734177215
php,2017-12-01,62.80701754385965
php,2018-01-01,221.7962962962963
php,2018-02-01,191.84848484848484
php,2018-03-01,76.54838709677419
php,2018-04-01,80.60377358490567
php,2018-05-01,63.05
php,2018-06-01,65.50877192982456
php,2018-07-01,94.62711864406779
php,2018-08-01,52.40350877192982
php,2018-09-01,289.0
php,2018-10-01,1485.8620689655172
php,2018-11-01,88.22641509433963
php,2018-12-01,67.32692307692308
php,2019-01-01,167.80357142857142
php,2019-02-01,125.11428571428571
php,2019-03-01,165.66197183098592
php,2019-04-01,62.08695652173913
php,2019-05-01,107.94444444444444
php,2019-06-01,82.625
php,2019-07-01,85.69642857142857
php,2019-08-01,46.072463768115945
php,2019-09-01,125.29310344827586
php,2019-10-01,82.06896551724138
php,2019-11-01,175.88
php,2019-12-01,83.26415094339623
php,2020-01-01,138.30357142857142
php,2020-02-01,309.7083333333333
php,2020-03-01,97.88636363636364
php,2020-04-01,125.5
php,2020-05-01,119.92307692307692
php,2020-06-01,159.5090909090909
php,2020-07-01,105.94642857142857
php,2020-08-01,132.63636363636363
php,2020-09-01,259.73846153846154
php,2020-10-01,152.27659574468086
php,2020-11-01,220.74285714285713
php,2020-12-01,138.53846153846155
php,2021-01-01,268.08988764044943
php,2021-02-01,107.51351351351352
php,2021-03-01,68.97368421052632
php,2021-04-01,111.68316831683168
php,2021-05-01,176.8
php,2021-06-01,190.9418604651163
php,2021-07-01,90.30666666666667
php,2021-08-01,67.76404494382022
php,2021-09-01,90.40229885057471
php,2021-10-01,188.48837209302326
php,2021-11-01,108.43434343434343
php,2021-12-01,47.19101123595506
php,2022-01-01,31.82191780821918
php,2022-02-01,17.396825396825395
php,2022-03-01,34.204819277108435
php,2022-04-01,39.945945945945944
php,2022-05-01,33.61643835616438
php,2022-06-01,36.13414634146341
php,2022-07-01,37.95049504950495
php,2022-08-01,38.2093023255814
php,2022-09-01,38.01282051282051
php,2022-10-01,41.7375
php,2022-11-01,41.705128205128204
php,2022-12-01,161.38888888888889
php,2023-01-01,62.73529411764706
php,2023-02-01,37.835443037974684
php,2023-03-01,51.729729729729726
php,2023-04-01,203.69117647058823
php,2023-05-01,21.906976744186046
php,2023-06-01,28.833333333333332
php,2023-07-01,76.92592592592592
php,2023-08-01,47.645833333333336
php,2023-09-01,52.42666666666667
php,2023-10-01,139.81914893617022
php,2023-11-01,101.0632911392405
php,2023-12-01,57.869565217391305
php,2024-01-01,77.07142857142857
php,2024-02-01,57.932432432432435
php,2024-03-01,46.74242424242424
php,2024-04-01,21.0
prefix-dev,2019-07-01,2.0
prefix-dev,2020-02-01,26.0
prefix-dev,2020-04-01,3.3333333333333335
prefix-dev,2020-05-01,3.479591836734694
prefix-dev,2020-06-01,3.422680412371134
prefix-dev,2020-07-01,3.434108527131783
prefix-dev,2020-08-01,7.513513513513513
prefix-dev,2020-09-01,4.841463414634147
prefix-dev,2020-10-01,6.287128712871287
prefix-dev,2020-11-01,5.121951219512195
prefix-dev,2020-12-01,7.862068965517241
prefix-dev,2021-01-01,13.241379310344827
prefix-dev,2021-02-01,18.8375
prefix-dev,2021-03-01,124.32142857142857
prefix-dev,2021-04-01,43.7375
prefix-dev,2021-05-01,22.06015037593985
prefix-dev,2021-06-01,27.515151515151516
prefix-dev,2021-07-01,53.13013698630137
prefix-dev,2021-08-01,62.11206896551724
prefix-dev,2021-09-01,51.57627118644068
prefix-dev,2021-10-01,64.20134228187919
prefix-dev,2021-11-01,53.01459854014598
prefix-dev,2021-12-01,59.41538461538462
prefix-dev,2022-01-01,88.59375
prefix-dev,2022-02-01,114.38888888888889
prefix-dev,2022-03-01,123.17857142857143
prefix-dev,2022-04-01,54.71774193548387
prefix-dev,2022-05-01,50.74251497005988
prefix-dev,2022-06-01,43.39354838709677
prefix-dev,2022-07-01,48.558282208588956
prefix-dev,2022-08-01,127.32446808510639
prefix-dev,2022-09-01,61.423469387755105
prefix-dev,2022-10-01,72.77294685990339
prefix-dev,2022-11-01,42.95959595959596
prefix-dev,2022-12-01,33.377450980392155
prefix-dev,2023-01-01,28.99537037037037
prefix-dev,2023-02-01,30.820833333333333
prefix-dev,2023-03-01,29.680701754385964
prefix-dev,2023-04-01,26.18815331010453
prefix-dev,2023-05-01,46.23571428571429
prefix-dev,2023-06-01,24.28965517241379
prefix-dev,2023-07-01,24.290657439446367
prefix-dev,2023-08-01,39.83282674772037
prefix-dev,2023-09-01,24.185410334346503
prefix-dev,2023-10-01,24.474926253687315
prefix-dev,2023-11-01,34.15426997245179
prefix-dev,2023-12-01,25.88515406162465
prefix-dev,2024-01-01,32.53944020356234
prefix-dev,2024-02-01,33.37465564738292
prefix-dev,2024-03-01,41.107438016528924
prefix-dev,2024-04-01,22.71372549019608
pyca,2012-02-01,26.0
pyca,2012-03-01,9.0
pyca,2012-04-01,3.0
pyca,2012-09-01,1.0
pyca,2013-02-01,77.5
pyca,2013-03-01,36.75
pyca,2013-04-01,7.0
pyca,2013-05-01,46.0
pyca,2013-08-01,86.0
pyca,2013-09-01,75.8
pyca,2013-10-01,191.9090909090909
pyca,2013-11-01,67.75
pyca,2013-12-01,76.375
pyca,2014-01-01,62.583333333333336
pyca,2014-02-01,34.80952380952381
pyca,2014-03-01,74.35
pyca,2014-04-01,31.77777777777778
pyca,2014-05-01,31.0
pyca,2014-06-01,35.888888888888886
pyca,2014-07-01,20.285714285714285
pyca,2014-08-01,11.11111111111111
pyca,2014-09-01,26.0
pyca,2014-10-01,63.7
pyca,2014-11-01,196.9
pyca,2014-12-01,32.083333333333336
pyca,2015-01-01,21.5
pyca,2015-02-01,34.4
pyca,2015-03-01,43.18181818181818
pyca,2015-04-01,20.5
pyca,2015-05-01,31.38888888888889
pyca,2015-06-01,24.2
pyca,2015-07-01,33.875
pyca,2015-08-01,24.5
pyca,2015-09-01,23.5
pyca,2015-10-01,25.133333333333333
pyca,2015-11-01,18.0
pyca,2015-12-01,41.4
pyca,2016-01-01,49.69230769230769
pyca,2016-02-01,16.142857142857142
pyca,2016-03-01,46.333333333333336
pyca,2016-04-01,5.4
pyca,2016-05-01,5.333333333333333
pyca,2016-06-01,25.4
pyca,2016-07-01,9.0
pyca,2016-08-01,7.333333333333333
pyca,2016-09-01,11.375
pyca,2016-10-01,3.857142857142857
pyca,2016-11-01,13.785714285714286
pyca,2016-12-01,9.333333333333334
pyca,2017-01-01,24.384615384615383
pyca,2017-02-01,8.909090909090908
pyca,2017-03-01,65.125
pyca,2017-04-01,20.285714285714285
pyca,2017-05-01,36.25
pyca,2017-06-01,31.09090909090909
pyca,2017-07-01,36.4
pyca,2017-08-01,9.0
pyca,2017-09-01,88.8
pyca,2017-10-01,25.75
pyca,2017-11-01,9.428571428571429
pyca,2017-12-01,15.0
pyca,2018-01-01,5.375
pyca,2018-02-01,20.11111111111111
pyca,2018-03-01,6.666666666666667
pyca,2018-04-01,4.384615384615385
pyca,2018-05-01,13.545454545454545
pyca,2018-06-01,5.444444444444445
pyca,2018-07-01,14.75
pyca,2018-08-01,14.222222222222221
pyca,2018-09-01,16.25
pyca,2018-10-01,13.4
pyca,2018-11-01,23.0
pyca,2018-12-01,15.727272727272727
pyca,2019-01-01,22.555555555555557
pyca,2019-02-01,19.333333333333332
pyca,2019-03-01,6.25
pyca,2019-04-01,4.857142857142857
pyca,2019-05-01,37.4
pyca,2019-06-01,35.42857142857143
pyca,2019-07-01,8.571428571428571
pyca,2019-08-01,2.0
pyca,2019-09-01,17.333333333333332
pyca,2019-10-01,5.5
pyca,2019-11-01,9.0
pyca,2019-12-01,4.25
pyca,2020-01-01,6.2
pyca,2020-02-01,11.0
pyca,2020-03-01,8.777777777777779
pyca,2020-04-01,39.4
pyca,2020-05-01,8.727272727272727
pyca,2020-06-01,5.555555555555555
pyca,2020-07-01,39.166666666666664
pyca,2020-08-01,25.083333333333332
pyca,2020-09-01,11.75
pyca,2020-10-01,14.272727272727273
pyca,2020-11-01,14.88888888888889
pyca,2020-12-01,84.33333333333333
pyca,2021-01-01,22.5
pyca,2021-02-01,17.2
pyca,2021-03-01,23.857142857142858
pyca,2021-04-01,14.0
pyca,2021-05-01,19.25
pyca,2021-06-01,13.88888888888889
pyca,2021-07-01,20.4
pyca,2021-08-01,24.636363636363637
pyca,2021-09-01,14.909090909090908
pyca,2021-10-01,28.833333333333332
pyca,2021-11-01,36.0
pyca,2021-12-01,44.833333333333336
pyca,2022-01-01,25.5
pyca,2022-02-01,13.1
pyca,2022-03-01,15.222222222222221
pyca,2022-04-01,21.09090909090909
pyca,2022-05-01,25.3
pyca,2022-06-01,9.7
pyca,2022-07-01,14.88888888888889
pyca,2022-08-01,13.636363636363637
pyca,2022-09-01,22.22222222222222
pyca,2022-10-01,24.428571428571427
pyca,2022-11-01,13.222222222222221
pyca,2022-12-01,20.928571428571427
pyca,2023-01-01,98.75
pyca,2023-02-01,26.181818181818183
pyca,2023-03-01,51.916666666666664
pyca,2023-04-01,96.0
pyca,2023-05-01,33.5
pyca,2023-06-01,45.3
pyca,2023-07-01,23.09090909090909
pyca,2023-08-01,31.545454545454547
pyca,2023-09-01,29.77777777777778
pyca,2023-10-01,33.714285714285715
pyca,2023-11-01,34.333333333333336
pyca,2023-12-01,29.6
pyca,2024-01-01,45.333333333333336
pyca,2024-02-01,57.5
pyca,2024-03-01,30.875
pyca,2024-04-01,37.285714285714285
qos-ch,2012-01-01,6.666666666666667
qos-ch,2012-02-01,6.5
qos-ch,2012-03-01,33.0
qos-ch,2012-04-01,14.714285714285714
qos-ch,2012-05-01,42.0
qos-ch,2012-06-01,89.1
qos-ch,2012-07-01,71.875
qos-ch,2012-08-01,38.5
qos-ch,2012-09-01,31.625
qos-ch,2012-10-01,7.75
qos-ch,2012-11-01,33.0
qos-ch,2012-12-01,39.75
qos-ch,2013-01-01,3.9
qos-ch,2013-02-01,12.88888888888889
qos-ch,2013-03-01,55.3
qos-ch,2013-04-01,171.76923076923077
qos-ch,2013-05-01,33.5
qos-ch,2013-06-01,14.2
qos-ch,2013-07-01,11.625
qos-ch,2013-08-01,2.0
qos-ch,2013-09-01,4.615384615384615
qos-ch,2013-10-01,5.888888888888889
qos-ch,2013-11-01,15.666666666666666
qos-ch,2013-12-01,9.5
qos-ch,2014-01-01,3.75
qos-ch,2014-02-01,26.714285714285715
qos-ch,2014-03-01,18.857142857142858
qos-ch,2014-04-01,12.545454545454545
qos-ch,2014-05-01,25.25
qos-ch,2014-06-01,10.0
qos-ch,2014-07-01,2.0
qos-ch,2014-08-01,4.5
qos-ch,2014-09-01,7.333333333333333
qos-ch,2014-10-01,2.0
qos-ch,2014-11-01,5.0
qos-ch,2014-12-01,109.66666666666667
qos-ch,2015-01-01,8.777777777777779
qos-ch,2015-02-01,18.666666666666668
qos-ch,2015-03-01,42.1
qos-ch,2015-04-01,8.0
qos-ch,2015-05-01,2.0
qos-ch,2015-06-01,5.75
qos-ch,2015-07-01,7.6
qos-ch,2015-09-01,19.0
qos-ch,2015-10-01,11.0
qos-ch,2015-11-01,32.25
qos-ch,2015-12-01,8.666666666666666
qos-ch,2016-01-01,21.333333333333332
qos-ch,2016-02-01,325.0
qos-ch,2016-03-01,94.0
qos-ch,2016-04-01,34.8
qos-ch,2016-05-01,9.75
qos-ch,2016-06-01,22.5
qos-ch,2016-07-01,1.0
qos-ch,2016-11-01,27.0
qos-ch,2016-12-01,40.333333333333336
qos-ch,2017-01-01,46.0
qos-ch,2017-02-01,98.66666666666667
qos-ch,2017-03-01,54.166666666666664
qos-ch,2017-04-01,58.5
qos-ch,2017-06-01,7.75
qos-ch,2017-10-01,26.0
qos-ch,2017-11-01,8.5
qos-ch,2017-12-01,154.0
qos-ch,2018-01-01,185.0
qos-ch,2018-02-01,135.5
qos-ch,2018-03-01,22.25
qos-ch,2018-04-01,1.0
qos-ch,2018-05-01,2.0
qos-ch,2018-07-01,86.0
qos-ch,2018-08-01,30.0
qos-ch,2018-09-01,24.0
qos-ch,2019-02-01,62.5
qos-ch,2019-03-01,20.5
qos-ch,2019-04-01,227.0
qos-ch,2019-05-01,3.0
qos-ch,2019-06-01,90.0
qos-ch,2019-07-01,12.333333333333334
qos-ch,2019-08-01,47.0
qos-ch,2019-09-01,61.0
qos-ch,2019-10-01,64.0
qos-ch,2019-11-01,24.0
qos-ch,2019-12-01,8.5
qos-ch,2020-01-01,4.0
qos-ch,2020-02-01,2.0
qos-ch,2020-03-01,14.0
qos-ch,2020-07-01,2.0
qos-ch,2020-08-01,2.5
qos-ch,2020-10-01,1.0
qos-ch,2021-02-01,4.0
qos-ch,2021-03-01,2.0
qos-ch,2021-06-01,121.0
qos-ch,2021-07-01,422.0
qos-ch,2021-08-01,144.0
qos-ch,2021-09-01,75.0
qos-ch,2021-10-01,6.0
qos-ch,2021-11-01,10.0
qos-ch,2021-12-01,125.33333333333333
qos-ch,2022-01-01,223.22222222222223
qos-ch,2022-02-01,39.0
qos-ch,2022-03-01,23.5
qos-ch,2022-04-01,27.428571428571427
qos-ch,2022-05-01,104.6
qos-ch,2022-06-01,54.666666666666664
qos-ch,2022-07-01,38.4
qos-ch,2022-08-01,68.6
qos-ch,2022-09-01,86.125
qos-ch,2022-10-01,114.25
qos-ch,2022-11-01,97.2
qos-ch,2022-12-01,23.333333333333332
qos-ch,2023-01-01,9.666666666666666
qos-ch,2023-02-01,1.6666666666666667
qos-ch,2023-03-01,46.333333333333336
qos-ch,2023-04-01,13.6
qos-ch,2023-05-01,58.0
qos-ch,2023-06-01,57.0
qos-ch,2023-07-01,20.0
qos-ch,2023-08-01,44.666666666666664
qos-ch,2023-09-01,33.0
qos-ch,2023-10-01,1.0
qos-ch,2023-11-01,65.0
qos-ch,2023-12-01,30.0
qos-ch,2024-01-01,218.0
qos-ch,2024-02-01,109.0
qos-ch,2024-03-01,94.0
qos-ch,2024-04-01,51.0
rubygems,2012-01-01,30.8
rubygems,2012-02-01,25.833333333333332
rubygems,2012-03-01,111.36363636363636
rubygems,2012-04-01,22.863636363636363
rubygems,2012-05-01,20.28
rubygems,2012-06-01,24.894736842105264
rubygems,2012-07-01,20.1
rubygems,2012-08-01,26.12
rubygems,2012-09-01,21.652173913043477
rubygems,2012-10-01,24.533333333333335
rubygems,2012-11-01,28.733333333333334
rubygems,2012-12-01,23.87878787878788
rubygems,2013-01-01,24.367346938775512
rubygems,2013-02-01,32.351851851851855
rubygems,2013-03-01,40.13333333333333
rubygems,2013-04-01,26.517241379310345
rubygems,2013-05-01,14.8125
rubygems,2013-06-01,20.333333333333332
rubygems,2013-07-01,21.408163265306122
rubygems,2013-08-01,22.57894736842105
rubygems,2013-09-01,25.0
rubygems,2013-10-01,25.795454545454547
rubygems,2013-11-01,35.86842105263158
rubygems,2013-12-01,20.666666666666668
rubygems,2014-01-01,33.30952380952381
rubygems,2014-02-01,16.710526315789473
rubygems,2014-03-01,13.8
rubygems,2014-04-01,19.515151515151516
rubygems,2014-05-01,15.27659574468085
rubygems,2014-06-01,39.611111111111114
rubygems,2014-07-01,66.0625
rubygems,2014-08-01,34.3448275862069
rubygems,2014-09-01,16.18918918918919
rubygems,2014-10-01,35.18421052631579
rubygems,2014-11-01,35.07692307692308
rubygems,2014-12-01,31.03846153846154
rubygems,2015-01-01,27.517241379310345
rubygems,2015-02-01,30.076923076923077
rubygems,2015-03-01,41.57377049180328
rubygems,2015-04-01,17.892857142857142
rubygems,2015-05-01,22.54
rubygems,2015-06-01,27.12727272727273
rubygems,2015-07-01,43.833333333333336
rubygems,2015-08-01,25.428571428571427
rubygems,2015-09-01,17.72222222222222
rubygems,2015-10-01,18.311475409836067
rubygems,2015-11-01,36.166666666666664
rubygems,2015-12-01,45.92
rubygems,2016-01-01,32.68518518518518
rubygems,2016-02-01,18.125
rubygems,2016-03-01,19.366666666666667
rubygems,2016-04-01,56.73170731707317
rubygems,2016-05-01,45.148148148148145
rubygems,2016-06-01,50.12820512820513
rubygems,2016-07-01,73.0
rubygems,2016-08-01,109.86363636363636
rubygems,2016-09-01,44.425
rubygems,2016-10-01,18.425531914893618
rubygems,2016-11-01,24.926829268292682
rubygems,2016-12-01,30.25
rubygems,2017-01-01,51.88095238095238
rubygems,2017-02-01,33.78048780487805
rubygems,2017-03-01,45.82051282051282
rubygems,2017-04-01,68.68571428571428
rubygems,2017-05-01,66.58823529411765
rubygems,2017-06-01,56.75
rubygems,2017-07-01,54.0
rubygems,2017-08-01,63.875
rubygems,2017-09-01,33.68571428571428
rubygems,2017-10-01,36.65625
rubygems,2017-11-01,10.090909090909092
rubygems,2017-12-01,17.939393939393938
rubygems,2018-01-01,26.1
rubygems,2018-02-01,19.6046511627907
rubygems,2018-03-01,21.21951219512195
rubygems,2018-04-01,12.162162162162161
rubygems,2018-05-01,21.03030303030303
rubygems,2018-06-01,49.54054054054054
rubygems,2018-07-01,24.964285714285715
rubygems,2018-08-01,19.29032258064516
rubygems,2018-09-01,19.848484848484848
rubygems,2018-10-01,38.608695652173914
rubygems,2018-11-01,68.54054054054055
rubygems,2018-12-01,14.833333333333334
rubygems,2019-01-01,31.761904761904763
rubygems,2019-02-01,130.47619047619048
rubygems,2019-03-01,45.30769230769231
rubygems,2019-04-01,57.06896551724138
rubygems,2019-05-01,22.166666666666668
rubygems,2019-06-01,24.714285714285715
rubygems,2019-07-01,20.43243243243243
rubygems,2019-08-01,91.29268292682927
rubygems,2019-09-01,29.285714285714285
rubygems,2019-10-01,62.27777777777778
rubygems,2019-11-01,28.928571428571427
rubygems,2019-12-01,26.307692307692307
rubygems,2020-01-01,67.17857142857143
rubygems,2020-02-01,19.464285714285715
rubygems,2020-03-01,33.39393939393939
rubygems,2020-04-01,85.11111111111111
rubygems,2020-05-01,107.03030303030303
rubygems,2020-06-01,36.14705882352941
rubygems,2020-07-01,68.87096774193549
rubygems,2020-08-01,15.16
rubygems,2020-09-01,62.142857142857146
rubygems,2020-10-01,48.25
rubygems,2020-11-01,16.272727272727273
rubygems,2020-12-01,123.18181818181819
rubygems,2021-01-01,327.84
rubygems,2021-02-01,78.08695652173913
rubygems,2021-03-01,19.333333333333332
rubygems,2021-04-01,70.88
rubygems,2021-05-01,33.65
rubygems,2021-06-01,29.666666666666668
rubygems,2021-07-01,23.31578947368421
rubygems,2021-08-01,20.75
rubygems,2021-09-01,10.25
rubygems,2021-10-01,118.36
rubygems,2021-11-01,30.157894736842106
rubygems,2021-12-01,31.217391304347824
rubygems,2022-01-01,48.5
rubygems,2022-02-01,15.055555555555555
rubygems,2022-03-01,110.52
rubygems,2022-04-01,30.36842105263158
rubygems,2022-05-01,18.76
rubygems,2022-06-01,35.06896551724138
rubygems,2022-07-01,471.42857142857144
rubygems,2022-08-01,32.69230769230769
rubygems,2022-09-01,28.36
rubygems,2022-10-01,18.75
rubygems,2022-11-01,12.869565217391305
rubygems,2022-12-01,116.75
rubygems,2023-01-01,35.70967741935484
rubygems,2023-02-01,31.57894736842105
rubygems,2023-03-01,89.83870967741936
rubygems,2023-04-01,172.47619047619048
rubygems,2023-05-01,30.136363636363637
rubygems,2023-06-01,29.82608695652174
rubygems,2023-07-01,24.642857142857142
rubygems,2023-08-01,30.142857142857142
rubygems,2023-09-01,28.5
rubygems,2023-10-01,80.77777777777777
rubygems,2023-11-01,24.208333333333332
rubygems,2023-12-01,61.84
rubygems,2024-01-01,33.333333333333336
rubygems,2024-02-01,27.48
rubygems,2024-03-01,13.0
rubygems,2024-04-01,17.727272727272727
rubygems,2012-01-01,30.8
rubygems,2012-02-01,25.833333333333332
rubygems,2012-03-01,111.36363636363636
rubygems,2012-04-01,22.863636363636363
rubygems,2012-05-01,20.28
rubygems,2012-06-01,24.894736842105264
rubygems,2012-07-01,20.1
rubygems,2012-08-01,26.12
rubygems,2012-09-01,21.652173913043477
rubygems,2012-10-01,24.533333333333335
rubygems,2012-11-01,28.733333333333334
rubygems,2012-12-01,23.87878787878788
rubygems,2013-01-01,24.367346938775512
rubygems,2013-02-01,32.351851851851855
rubygems,2013-03-01,40.13333333333333
rubygems,2013-04-01,26.517241379310345
rubygems,2013-05-01,14.8125
rubygems,2013-06-01,20.333333333333332
rubygems,2013-07-01,21.408163265306122
rubygems,2013-08-01,22.57894736842105
rubygems,2013-09-01,25.0
rubygems,2013-10-01,25.795454545454547
rubygems,2013-11-01,35.86842105263158
rubygems,2013-12-01,20.666666666666668
rubygems,2014-01-01,33.30952380952381
rubygems,2014-02-01,16.710526315789473
rubygems,2014-03-01,13.8
rubygems,2014-04-01,19.515151515151516
rubygems,2014-05-01,15.27659574468085
rubygems,2014-06-01,39.611111111111114
rubygems,2014-07-01,66.0625
rubygems,2014-08-01,34.3448275862069
rubygems,2014-09-01,16.18918918918919
rubygems,2014-10-01,35.18421052631579
rubygems,2014-11-01,35.07692307692308
rubygems,2014-12-01,31.03846153846154
rubygems,2015-01-01,27.517241379310345
rubygems,2015-02-01,30.076923076923077
rubygems,2015-03-01,41.57377049180328
rubygems,2015-04-01,17.892857142857142
rubygems,2015-05-01,22.54
rubygems,2015-06-01,27.12727272727273
rubygems,2015-07-01,43.833333333333336
rubygems,2015-08-01,25.428571428571427
rubygems,2015-09-01,17.72222222222222
rubygems,2015-10-01,18.311475409836067
rubygems,2015-11-01,36.166666666666664
rubygems,2015-12-01,45.92
rubygems,2016-01-01,32.68518518518518
rubygems,2016-02-01,18.125
rubygems,2016-03-01,19.366666666666667
rubygems,2016-04-01,56.73170731707317
rubygems,2016-05-01,45.148148148148145
rubygems,2016-06-01,50.12820512820513
rubygems,2016-07-01,73.0
rubygems,2016-08-01,109.86363636363636
rubygems,2016-09-01,44.425
rubygems,2016-10-01,18.425531914893618
rubygems,2016-11-01,24.926829268292682
rubygems,2016-12-01,30.25
rubygems,2017-01-01,51.88095238095238
rubygems,2017-02-01,33.78048780487805
rubygems,2017-03-01,45.82051282051282
rubygems,2017-04-01,68.68571428571428
rubygems,2017-05-01,66.58823529411765
rubygems,2017-06-01,56.75
rubygems,2017-07-01,54.0
rubygems,2017-08-01,63.875
rubygems,2017-09-01,33.68571428571428
rubygems,2017-10-01,36.65625
rubygems,2017-11-01,10.090909090909092
rubygems,2017-12-01,17.939393939393938
rubygems,2018-01-01,26.1
rubygems,2018-02-01,19.6046511627907
rubygems,2018-03-01,21.21951219512195
rubygems,2018-04-01,12.162162162162161
rubygems,2018-05-01,21.03030303030303
rubygems,2018-06-01,49.54054054054054
rubygems,2018-07-01,24.964285714285715
rubygems,2018-08-01,19.29032258064516
rubygems,2018-09-01,19.848484848484848
rubygems,2018-10-01,38.608695652173914
rubygems,2018-11-01,68.54054054054055
rubygems,2018-12-01,14.833333333333334
rubygems,2019-01-01,31.761904761904763
rubygems,2019-02-01,130.47619047619048
rubygems,2019-03-01,45.30769230769231
rubygems,2019-04-01,57.06896551724138
rubygems,2019-05-01,22.166666666666668
rubygems,2019-06-01,24.714285714285715
rubygems,2019-07-01,20.43243243243243
rubygems,2019-08-01,91.29268292682927
rubygems,2019-09-01,29.285714285714285
rubygems,2019-10-01,62.27777777777778
rubygems,2019-11-01,28.928571428571427
rubygems,2019-12-01,26.307692307692307
rubygems,2020-01-01,67.17857142857143
rubygems,2020-02-01,19.464285714285715
rubygems,2020-03-01,33.39393939393939
rubygems,2020-04-01,85.11111111111111
rubygems,2020-05-01,107.03030303030303
rubygems,2020-06-01,36.14705882352941
rubygems,2020-07-01,68.87096774193549
rubygems,2020-08-01,15.16
rubygems,2020-09-01,62.142857142857146
rubygems,2020-10-01,48.25
rubygems,2020-11-01,16.272727272727273
rubygems,2020-12-01,123.18181818181819
rubygems,2021-01-01,327.84
rubygems,2021-02-01,78.08695652173913
rubygems,2021-03-01,19.333333333333332
rubygems,2021-04-01,70.88
rubygems,2021-05-01,33.65
rubygems,2021-06-01,29.666666666666668
rubygems,2021-07-01,23.31578947368421
rubygems,2021-08-01,20.75
rubygems,2021-09-01,10.25
rubygems,2021-10-01,118.36
rubygems,2021-11-01,30.157894736842106
rubygems,2021-12-01,31.217391304347824
rubygems,2022-01-01,48.5
rubygems,2022-02-01,15.055555555555555
rubygems,2022-03-01,110.52
rubygems,2022-04-01,30.36842105263158
rubygems,2022-05-01,18.76
rubygems,2022-06-01,35.06896551724138
rubygems,2022-07-01,471.42857142857144
rubygems,2022-08-01,32.69230769230769
rubygems,2022-09-01,28.36
rubygems,2022-10-01,18.75
rubygems,2022-11-01,12.869565217391305
rubygems,2022-12-01,116.75
rubygems,2023-01-01,35.70967741935484
rubygems,2023-02-01,31.57894736842105
rubygems,2023-03-01,89.83870967741936
rubygems,2023-04-01,172.47619047619048
rubygems,2023-05-01,30.136363636363637
rubygems,2023-06-01,29.82608695652174
rubygems,2023-07-01,24.642857142857142
rubygems,2023-08-01,30.142857142857142
rubygems,2023-09-01,28.5
rubygems,2023-10-01,80.77777777777777
rubygems,2023-11-01,24.208333333333332
rubygems,2023-12-01,61.84
rubygems,2024-01-01,33.333333333333336
rubygems,2024-02-01,27.48
rubygems,2024-03-01,13.0
rubygems,2024-04-01,17.727272727272727
rustls,2014-06-01,218.2
rustls,2014-07-01,137.66666666666666
rustls,2014-08-01,57.2
rustls,2014-09-01,58.666666666666664
rustls,2014-10-01,51.25
rustls,2014-11-01,66.33333333333333
rustls,2014-12-01,82.4
rustls,2015-01-01,90.0
rustls,2015-02-01,140.5
rustls,2015-03-01,103.75
rustls,2015-04-01,117.2
rustls,2015-05-01,109.0
rustls,2015-06-01,81.14285714285714
rustls,2015-07-01,43.5
rustls,2015-08-01,57.57142857142857
rustls,2015-09-01,42.375
rustls,2015-10-01,48.375
rustls,2015-11-01,145.85714285714286
rustls,2015-12-01,75.125
rustls,2016-01-01,90.25
rustls,2016-02-01,24.444444444444443
rustls,2016-03-01,316.75
rustls,2016-04-01,20.6
rustls,2016-05-01,53.0
rustls,2016-06-01,69.27272727272727
rustls,2016-07-01,57.05882352941177
rustls,2016-08-01,110.72727272727273
rustls,2016-09-01,143.4
rustls,2016-10-01,84.07692307692308
rustls,2016-11-01,77.6875
rustls,2016-12-01,106.07692307692308
rustls,2017-01-01,55.642857142857146
rustls,2017-02-01,52.8
rustls,2017-03-01,75.6
rustls,2017-04-01,62.666666666666664
rustls,2017-05-01,73.52380952380952
rustls,2017-06-01,24.666666666666668
rustls,2017-07-01,301.7692307692308
rustls,2017-08-01,54.46666666666667
rustls,2017-09-01,74.06666666666666
rustls,2017-10-01,56.470588235294116
rustls,2017-11-01,61.833333333333336
rustls,2017-12-01,106.72727272727273
rustls,2018-01-01,28.875
rustls,2018-02-01,17.0
rustls,2018-03-01,24.125
rustls,2018-04-01,32.84615384615385
rustls,2018-05-01,141.36363636363637
rustls,2018-06-01,19.923076923076923
rustls,2018-07-01,19.055555555555557
rustls,2018-08-01,43.90909090909091
rustls,2018-09-01,36.77777777777778
rustls,2018-10-01,11.444444444444445
rustls,2018-11-01,75.26666666666667
rustls,2018-12-01,17.0
rustls,2019-01-01,54.95652173913044
rustls,2019-02-01,12.916666666666666
rustls,2019-03-01,15.642857142857142
rustls,2019-04-01,39.44444444444444
rustls,2019-05-01,27.3
rustls,2019-06-01,16.142857142857142
rustls,2019-07-01,25.0
rustls,2019-08-01,12.6
rustls,2019-09-01,10.157894736842104
rustls,2019-10-01,18.1875
rustls,2019-11-01,10.8125
rustls,2019-12-01,36.166666666666664
rustls,2020-01-01,12.5625
rustls,2020-02-01,120.29411764705883
rustls,2020-03-01,6.928571428571429
rustls,2020-04-01,24.583333333333332
rustls,2020-05-01,8.266666666666667
rustls,2020-06-01,24.75
rustls,2020-07-01,13.222222222222221
rustls,2020-08-01,9.571428571428571
rustls,2020-09-01,11.333333333333334
rustls,2020-10-01,10.642857142857142
rustls,2020-11-01,18.285714285714285
rustls,2020-12-01,19.863636363636363
rustls,2021-01-01,27.4
rustls,2021-02-01,20.789473684210527
rustls,2021-03-01,38.05882352941177
rustls,2021-04-01,47.0
rustls,2021-05-01,90.4
rustls,2021-06-01,45.75
rustls,2021-07-01,33.125
rustls,2021-08-01,86.33333333333333
rustls,2021-09-01,39.69565217391305
rustls,2021-10-01,23.857142857142858
rustls,2021-11-01,13.705882352941176
rustls,2021-12-01,15.75
rustls,2022-01-01,12.647058823529411
rustls,2022-02-01,17.583333333333332
rustls,2022-03-01,8.0
rustls,2022-04-01,8.583333333333334
rustls,2022-05-01,36.75
rustls,2022-06-01,45.714285714285715
rustls,2022-07-01,14.666666666666666
rustls,2022-08-01,10.714285714285714
rustls,2022-09-01,20.8
rustls,2022-10-01,9.411764705882353
rustls,2022-11-01,19.916666666666668
rustls,2022-12-01,31.8
rustls,2023-01-01,31.9375
rustls,2023-02-01,28.692307692307693
rustls,2023-03-01,24.37037037037037
rustls,2023-04-01,93.92307692307692
rustls,2023-05-01,37.888888888888886
rustls,2023-06-01,37.28
rustls,2023-07-01,207.5
rustls,2023-08-01,32.9
rustls,2023-09-01,39.06896551724138
rustls,2023-10-01,34.03703703703704
rustls,2023-11-01,53.30769230769231
rustls,2023-12-01,29.424242424242426
rustls,2024-01-01,15.304347826086957
rustls,2024-02-01,28.761904761904763
rustls,2024-03-01,24.458333333333332
rustls,2024-04-01,9.0
systemd,2012-01-01,40.05121638924456
systemd,2012-02-01,13.797246558197747
systemd,2012-03-01,16.41591928251121
systemd,2012-04-01,18.732788798133022
systemd,2012-05-01,17.691453940066594
systemd,2012-06-01,15.876903553299492
systemd,2012-07-01,17.344224037339558
systemd,2012-08-01,15.252080856123662
systemd,2012-09-01,16.64066193853428
systemd,2012-10-01,18.817297297297298
systemd,2012-11-01,18.971363115693013
systemd,2012-12-01,14.873548387096774
systemd,2013-01-01,17.119419642857142
systemd,2013-02-01,13.696693272519955
systemd,2013-03-01,16.840370751802265
systemd,2013-04-01,16.334033613445378
systemd,2013-05-01,13.719866071428571
systemd,2013-06-01,13.977653631284916
systemd,2013-07-01,13.854682454251884
systemd,2013-08-01,14.34475374732334
systemd,2013-09-01,13.281564245810056
systemd,2013-10-01,15.509513742071881
systemd,2013-11-01,14.568817204301075
systemd,2013-12-01,17.377777777777776
systemd,2014-01-01,13.727272727272727
systemd,2014-02-01,16.39508700102354
systemd,2014-03-01,15.068134171907756
systemd,2014-04-01,12.575157515751576
systemd,2014-05-01,14.266990291262136
systemd,2014-06-01,13.984313725490196
systemd,2014-07-01,16.639019792648444
systemd,2014-08-01,14.498995983935743
systemd,2014-09-01,13.743127962085309
systemd,2014-10-01,14.917727717923604
systemd,2014-11-01,17.737623762376238
systemd,2014-12-01,11.81086323957323
systemd,2015-01-01,15.238667900092507
systemd,2015-02-01,13.561284046692608
systemd,2015-03-01,14.048715677590788
systemd,2015-04-01,14.27027027027027
systemd,2015-05-01,13.857938718662952
systemd,2015-06-01,13.50132625994695
systemd,2015-07-01,12.528433945756781
systemd,2015-08-01,14.23369036027264
systemd,2015-09-01,14.0
systemd,2015-10-01,18.38929219600726
systemd,2015-11-01,14.967370441458733
systemd,2015-12-01,11.734756097560975
systemd,2016-01-01,11.634976525821596
systemd,2016-02-01,15.742404227212681
systemd,2016-03-01,8.19533527696793
systemd,2016-04-01,30.535714285714285
systemd,2016-05-01,24.10909090909091
systemd,2016-06-01,24.87037037037037
systemd,2016-07-01,22.228070175438596
systemd,2016-08-01,25.877551020408163
systemd,2016-09-01,11.472727272727273
systemd,2016-10-01,28.475409836065573
systemd,2016-11-01,32.55769230769231
systemd,2016-12-01,28.217391304347824
systemd,2017-01-01,18.695652173913043
systemd,2017-02-01,33.224137931034484
systemd,2017-03-01,12.183673469387756
systemd,2017-04-01,28.037037037037038
systemd,2017-05-01,21.574074074074073
systemd,2017-06-01,17.0
systemd,2017-07-01,33.5
systemd,2017-08-01,16.132075471698112
systemd,2017-09-01,32.11864406779661
systemd,2017-10-01,32.6551724137931
systemd,2017-11-01,89.4090909090909
systemd,2017-12-01,40.03125
systemd,2018-01-01,24.584415584415584
systemd,2018-02-01,30.258064516129032
systemd,2018-03-01,38.63636363636363
systemd,2018-04-01,112.08695652173913
systemd,2018-05-01,54.34146341463415
systemd,2018-06-01,180.05084745762713
systemd,2018-07-01,31.49019607843137
systemd,2018-08-01,39.808510638297875
systemd,2018-09-01,36.08163265306123
systemd,2018-10-01,58.49180327868852
systemd,2018-11-01,90.75
systemd,2018-12-01,51.42307692307692
systemd,2019-01-01,24.62686567164179
systemd,2019-02-01,25.74137931034483
systemd,2019-03-01,94.78
systemd,2019-04-01,56.705882352941174
systemd,2019-05-01,40.320754716981135
systemd,2019-06-01,44.078947368421055
systemd,2019-07-01,62.234042553191486
systemd,2019-08-01,28.80952380952381
systemd,2019-09-01,15.722222222222221
systemd,2019-10-01,33.86538461538461
systemd,2019-11-01,44.704918032786885
systemd,2019-12-01,47.680851063829785
systemd,2020-01-01,28.285714285714285
systemd,2020-02-01,25.0
systemd,2020-03-01,30.52054794520548
systemd,2020-04-01,54.98245614035088
systemd,2020-05-01,32.46376811594203
systemd,2020-06-01,47.90909090909091
systemd,2020-07-01,41.92424242424242
systemd,2020-08-01,26.253521126760564
systemd,2020-09-01,64.57142857142857
systemd,2020-10-01,49.916666666666664
systemd,2020-11-01,151.70212765957447
systemd,2020-12-01,29.833333333333332
systemd,2021-01-01,53.405797101449274
systemd,2021-02-01,65.08620689655173
systemd,2021-03-01,49.31481481481482
systemd,2021-04-01,54.75438596491228
systemd,2021-05-01,61.20754716981132
systemd,2021-06-01,48.766666666666666
systemd,2021-07-01,35.266666666666666
systemd,2021-08-01,31.901639344262296
systemd,2021-09-01,47.57627118644068
systemd,2021-10-01,91.09615384615384
systemd,2021-11-01,69.51785714285714
systemd,2021-12-01,45.05882352941177
systemd,2022-01-01,44.17857142857143
systemd,2022-02-01,76.97619047619048
systemd,2022-03-01,57.482142857142854
systemd,2022-04-01,55.282051282051285
systemd,2022-05-01,42.095238095238095
systemd,2022-06-01,44.509803921568626
systemd,2022-07-01,35.06666666666667
systemd,2022-08-01,46.19718309859155
systemd,2022-09-01,45.58064516129032
systemd,2022-10-01,31.698630136986303
systemd,2022-11-01,45.014084507042256
systemd,2022-12-01,44.65
systemd,2023-01-01,46.78333333333333
systemd,2023-02-01,40.46551724137931
systemd,2023-03-01,63.69642857142857
systemd,2023-04-01,49.523809523809526
systemd,2023-05-01,58.111111111111114
systemd,2023-06-01,60.333333333333336
systemd,2023-07-01,71.38461538461539
systemd,2023-08-01,57.66129032258065
systemd,2023-09-01,65.73846153846154
systemd,2023-10-01,54.53731343283582
systemd,2023-11-01,60.05084745762712
systemd,2023-12-01,48.16393442622951
systemd,2024-01-01,54.5
systemd,2024-02-01,35.26229508196721
systemd,2024-03-01,29.402985074626866
systemd,2024-04-01,21.363636363636363
tc39,2012-01-01,122.0
tc39,2012-02-01,13816.0
tc39,2012-03-01,131.0
tc39,2012-04-01,59.0
tc39,2012-05-01,26.0
tc39,2012-06-01,21.0
tc39,2012-07-01,20.0
tc39,2012-08-01,82.66666666666667
tc39,2012-09-01,29.5
tc39,2012-10-01,5.333333333333333
tc39,2012-11-01,6.0
tc39,2012-12-01,7.0
tc39,2013-01-01,1.0
tc39,2013-02-01,6.666666666666667
tc39,2013-03-01,20.8
tc39,2013-04-01,5.0
tc39,2013-05-01,2.5
tc39,2013-06-01,8.0
tc39,2013-07-01,4.090909090909091
tc39,2013-08-01,1.8333333333333333
tc39,2013-09-01,6.777777777777778
tc39,2013-10-01,17.0
tc39,2013-11-01,3.25
tc39,2013-12-01,5.833333333333333
tc39,2014-01-01,5.181818181818182
tc39,2014-02-01,61.5
tc39,2014-03-01,2.857142857142857
tc39,2014-04-01,8.4
tc39,2014-05-01,3.3076923076923075
tc39,2014-06-01,8.363636363636363
tc39,2014-07-01,3374.681818181818
tc39,2014-08-01,50.92857142857143
tc39,2014-09-01,14.3
tc39,2014-10-01,14.823529411764707
tc39,2014-11-01,40.166666666666664
tc39,2014-12-01,825.0
tc39,2015-01-01,12.545454545454545
tc39,2015-02-01,27.45
tc39,2015-03-01,45.56521739130435
tc39,2015-04-01,87.6842105263158
tc39,2015-05-01,50.6764705882353
tc39,2015-06-01,116.08333333333333
tc39,2015-07-01,241.28571428571428
tc39,2015-08-01,209.23333333333332
tc39,2015-09-01,17.38235294117647
tc39,2015-10-01,12.75
tc39,2015-11-01,493.46153846153845
tc39,2015-12-01,24.696969696969695
tc39,2016-01-01,232.29268292682926
tc39,2016-02-01,53.432432432432435
tc39,2016-03-01,143.75510204081633
tc39,2016-04-01,63.34285714285714
tc39,2016-05-01,120.86486486486487
tc39,2016-06-01,64.3170731707317
tc39,2016-07-01,38.46666666666667
tc39,2016-08-01,8.595238095238095
tc39,2016-09-01,14.243243243243244
tc39,2016-10-01,14.321428571428571
tc39,2016-11-01,13.972222222222221
tc39,2016-12-01,10.848484848484848
tc39,2017-01-01,11.063829787234043
tc39,2017-02-01,16.93548387096774
tc39,2017-03-01,90.25454545454545
tc39,2017-04-01,262.7391304347826
tc39,2017-05-01,120.25
tc39,2017-06-01,111.5
tc39,2017-07-01,34.953125
tc39,2017-08-01,30.630434782608695
tc39,2017-09-01,60.44230769230769
tc39,2017-10-01,80.5576923076923
tc39,2017-11-01,36.26190476190476
tc39,2017-12-01,95.08108108108108
tc39,2018-01-01,130.13793103448276
tc39,2018-02-01,704.4897959183673
tc39,2018-03-01,58.513888888888886
tc39,2018-04-01,101.26785714285714
tc39,2018-05-01,27.206349206349206
tc39,2018-06-01,30.379310344827587
tc39,2018-07-01,113.0625
tc39,2018-08-01,102.53846153846153
tc39,2018-09-01,251.83333333333334
tc39,2018-10-01,129.45283018867926
tc39,2018-11-01,43.0377358490566
tc39,2018-12-01,278.25531914893617
tc39,2019-01-01,17.32
tc39,2019-02-01,29.338461538461537
tc39,2019-03-01,16.98507462686567
tc39,2019-04-01,11.659090909090908
tc39,2019-05-01,24.583333333333332
tc39,2019-06-01,8.851851851851851
tc39,2019-07-01,15.868421052631579
tc39,2019-08-01,214.0566037735849
tc39,2019-09-01,13.01639344262295
tc39,2019-10-01,23.50793650793651
tc39,2019-11-01,19.789473684210527
tc39,2019-12-01,5.735294117647059
tc39,2020-01-01,24.163636363636364
tc39,2020-02-01,25.032258064516128
tc39,2020-03-01,63.8235294117647
tc39,2020-04-01,28.0
tc39,2020-05-01,35.10526315789474
tc39,2020-06-01,36.970588235294116
tc39,2020-07-01,20.658227848101266
tc39,2020-08-01,26.15
tc39,2020-09-01,82.88157894736842
tc39,2020-10-01,84.73684210526316
tc39,2020-11-01,75.2
tc39,2020-12-01,10.196428571428571
tc39,2021-01-01,26.56338028169014
tc39,2021-02-01,14.18421052631579
tc39,2021-03-01,29.651515151515152
tc39,2021-04-01,33.445945945945944
tc39,2021-05-01,21.74576271186441
tc39,2021-06-01,119.234375
tc39,2021-07-01,84.51282051282051
tc39,2021-08-01,61.52564102564103
tc39,2021-09-01,216.30882352941177
tc39,2021-10-01,21.0
tc39,2021-11-01,15.109375
tc39,2021-12-01,18.651515151515152
tc39,2022-01-01,12.753086419753087
tc39,2022-02-01,16.389830508474578
tc39,2022-03-01,14.873239436619718
tc39,2022-04-01,25.953125
tc39,2022-05-01,26.32
tc39,2022-06-01,20.42622950819672
tc39,2022-07-01,18.36263736263736
tc39,2022-08-01,14.02127659574468
tc39,2022-09-01,36.32692307692308
tc39,2022-10-01,38.13513513513514
tc39,2022-11-01,46.285714285714285
tc39,2022-12-01,14.425
tc39,2023-01-01,40.32
tc39,2023-02-01,19.680851063829788
tc39,2023-03-01,19.16393442622951
tc39,2023-04-01,13.69767441860465
tc39,2023-05-01,19.591836734693878
tc39,2023-06-01,30.50980392156863
tc39,2023-07-01,12.339622641509434
tc39,2023-08-01,13.767441860465116
tc39,2023-09-01,32.867924528301884
tc39,2023-10-01,9.152173913043478
tc39,2023-11-01,13.156862745098039
tc39,2023-12-01,7.142857142857143
tc39,2024-01-01,15.69811320754717
tc39,2024-02-01,11.714285714285714
tc39,2024-03-01,36.895833333333336
tc39,2024-04-01,4.458333333333333
uutils,2013-08-01,15.0
uutils,2013-10-01,10.0
uutils,2013-11-01,5.6
uutils,2013-12-01,11.3
uutils,2014-01-01,8.2
uutils,2014-02-01,29.833333333333332
uutils,2014-03-01,15.11111111111111
uutils,2014-04-01,12.5
uutils,2014-05-01,53.625
uutils,2014-06-01,27.42105263157895
uutils,2014-07-01,32.916666666666664
uutils,2014-08-01,5.0
uutils,2014-09-01,24.75
uutils,2014-10-01,10.0
uutils,2014-11-01,30.25
uutils,2014-12-01,11.727272727272727
uutils,2015-01-01,42.785714285714285
uutils,2015-02-01,56.42857142857143
uutils,2015-03-01,6.0
uutils,2015-04-01,22.666666666666668
uutils,2015-05-01,37.0
uutils,2015-06-01,18.333333333333332
uutils,2015-07-01,13.6
uutils,2015-08-01,21.428571428571427
uutils,2015-09-01,4.8
uutils,2015-10-01,16.666666666666668
uutils,2015-11-01,171.5
uutils,2015-12-01,48.625
uutils,2016-01-01,31.75
uutils,2016-02-01,14.714285714285714
uutils,2016-03-01,8.583333333333334
uutils,2016-04-01,4.714285714285714
uutils,2016-05-01,19.5
uutils,2016-06-01,10.555555555555555
uutils,2016-07-01,19.636363636363637
uutils,2016-08-01,37.6875
uutils,2016-09-01,3.4
uutils,2016-10-01,2.4
uutils,2016-11-01,16.3
uutils,2016-12-01,5.916666666666667
uutils,2017-01-01,5.0
uutils,2017-02-01,84.0
uutils,2017-03-01,24.714285714285715
uutils,2017-04-01,6.0
uutils,2017-05-01,3.0
uutils,2017-06-01,3.0
uutils,2017-07-01,16.571428571428573
uutils,2017-08-01,4.125
uutils,2017-09-01,2.0
uutils,2017-10-01,7.857142857142857
uutils,2017-11-01,3.4285714285714284
uutils,2017-12-01,50.5
uutils,2018-01-01,7.6
uutils,2018-02-01,2.0
uutils,2018-03-01,53.625
uutils,2018-04-01,4.5
uutils,2018-05-01,9.25
uutils,2018-06-01,35.5
uutils,2018-07-01,24.5
uutils,2018-08-01,7.0
uutils,2018-09-01,15.333333333333334
uutils,2018-10-01,2.9
uutils,2018-11-01,5.0
uutils,2018-12-01,31.0
uutils,2019-01-01,33.0
uutils,2019-02-01,10.4
uutils,2019-03-01,1.6666666666666667
uutils,2019-04-01,17.555555555555557
uutils,2019-05-01,56.75
uutils,2019-06-01,14.666666666666666
uutils,2019-07-01,6.0
uutils,2019-08-01,1.25
uutils,2019-09-01,3.3333333333333335
uutils,2019-10-01,9.4
uutils,2019-12-01,353.0
uutils,2020-01-01,59.166666666666664
uutils,2020-02-01,11.0
uutils,2020-03-01,3.0
uutils,2020-04-01,120.57142857142857
uutils,2020-05-01,139.4
uutils,2020-06-01,47.8
uutils,2020-07-01,17.5
uutils,2020-08-01,9.833333333333334
uutils,2020-09-01,2.3333333333333335
uutils,2020-10-01,16.666666666666668
uutils,2020-11-01,170.0
uutils,2020-12-01,26.5
uutils,2021-01-01,49.75
uutils,2021-02-01,24.2
uutils,2021-03-01,12.839285714285714
uutils,2021-04-01,27.930232558139537
uutils,2021-05-01,37.46875
uutils,2021-06-01,55.0
uutils,2021-07-01,32.76923076923077
uutils,2021-08-01,30.96
uutils,2021-09-01,27.11764705882353
uutils,2021-10-01,23.928571428571427
uutils,2021-11-01,25.5625
uutils,2021-12-01,21.2
uutils,2022-01-01,92.65217391304348
uutils,2022-02-01,23.477272727272727
uutils,2022-03-01,33.75
uutils,2022-04-01,54.86666666666667
uutils,2022-05-01,43.05882352941177
uutils,2022-06-01,19.263157894736842
uutils,2022-07-01,35.666666666666664
uutils,2022-08-01,54.21052631578947
uutils,2022-09-01,48.714285714285715
uutils,2022-10-01,45.35294117647059
uutils,2022-11-01,32.8235294117647
uutils,2022-12-01,32.46666666666667
uutils,2023-01-01,58.07142857142857
uutils,2023-02-01,24.53125
uutils,2023-03-01,30.29268292682927
uutils,2023-04-01,104.12
uutils,2023-05-01,240.45454545454547
uutils,2023-06-01,121.25925925925925
uutils,2023-07-01,167.5
uutils,2023-08-01,226.77777777777777
uutils,2023-09-01,358.0
uutils,2023-10-01,88.65217391304348
uutils,2023-11-01,31.666666666666668
uutils,2023-12-01,51.2
uutils,2024-01-01,128.53333333333333
uutils,2024-02-01,151.0
uutils,2024-03-01,218.85185185185185
uutils,2024-04-01,152.68421052631578
sequoia-pgp,2023-08-01,42.0
sequoia-pgp,2023-09-01,18.0
sequoia-pgp,2024-02-01,1.0
